Date,Amount,Rate
29/08/2016,4700,101.2
30/08/2016,4700,101.2
31/08/2016,4700,101.2
01/09/2016,4700,101.2
02/09/2016,4700,101.2
03/09/2016,4750,101.19
04/09/2016,4750,101.19
05/09/2016,4700,101.19
06/09/2016,4700,101.19
07/09/2016,4700,101.35
08/09/2016,4800,101.32
09/09/2016,4900,101.14
10/09/2016,4950,101.2
11/09/2016,4950,101.2
12/09/2016,4950,101.2
13/09/2016,5300,101.3
14/09/2016,5600,101.2
15/09/2016,5750,101.2
16/09/2016,5750,101.2
17/09/2016,5800,101.2
18/09/2016,5800,102.2
19/09/2016,5750,101.3
20/09/2016,5600,101.3
21/09/2016,5650,101.3
22/09/2016,5500,101.3
23/09/2016,5500,101.2
24/09/2016,5500,101.2
25/09/2016,5500,101.2
26/09/2016,5500,101.2
27/09/2016,5400,101.3
28/09/2016,5400,101.3
29/09/2016,5400,101.3
30/09/2016,5300,101.3
01/10/2016,5300,101.3
02/10/2016,5300,101.3
03/10/2016,5300,101.3
04/10/2016,5300,101.3
05/10/2016,5250,101.3
06/10/2016,5250,101.3
07/10/2016,5200,101.3
08/10/2016,5200,101.3
09/10/2016,5200,101.3
10/10/2016,5200,101.3
11/10/2016,5200,100.99
12/10/2016,5200,101.3
13/10/2016,5200,101.3
14/10/2016,5200,101.3
15/10/2016,5250,101.3
16/10/2016,5250,101.4
17/10/2016,5250,101.4
18/10/2016,5300,101.31
19/10/2016,5400,101.36
20/10/2016,5550,101.29
21/10/2016,5500,101.3
22/10/2016,5500,101.3
23/10/2016,5500,101.3
24/10/2016,5400,101.3
25/10/2016,5400,101.4
26/10/2016,5400,101.4
27/10/2016,5400,101.46
28/10/2016,5450,101.54
29/10/2016,5500,101.54
30/10/2016,5500,101.54
31/10/2016,5500,101.54
01/11/2016,5500,101.54
02/11/2016,5500,101.54
03/11/2016,5500,101.54
04/11/2016,5500,101.65
05/11/2016,5500,101.65
06/11/2016,5800,101.65
07/11/2016,5800,101.31
08/11/2016,5800,101.61
09/11/2016,5800,101.61
10/11/2016,5800,101.61
11/11/2016,5800,101.82
12/11/2016,5850,101.83
13/11/2016,5850,101.76
14/11/2016,5850,101.67
15/11/2016,5850,101.73
16/11/2016,5850,101.66
17/11/2016,5900,101.86
18/11/2016,5900,101.86
19/11/2016,5900,101.86
20/11/2016,5900,101.86
21/11/2016,5900,101.86
22/11/2016,5900,101.86
23/11/2016,5900,101.86
24/11/2016,5900,101.86
25/11/2016,5900,101.92
26/11/2016,5900,101.92
27/11/2016,5900,101.74
28/11/2016,5900,101.93
29/11/2016,5800,101.81
30/11/2016,5800,101.81
01/12/2016,5800,101.88
02/12/2016,5800,101.87
03/12/2016,5700,101.88
04/12/2016,5700,101.6
05/12/2016,5700,101.81
06/12/2016,5700,102.05
07/12/2016,5600,101.98
08/12/2016,5600,101.9
09/12/2016,5600,102.18
10/12/2016,5600,102.07
11/12/2016,5600,102.03
12/12/2016,5600,102.03
13/12/2016,5600,102.02
14/12/2016,5600,102.01
15/12/2016,5600,102.2
16/12/2016,5600,101.99
17/12/2016,5600,102.23
18/12/2016,5600,102.3
19/12/2016,5600,102.26
20/12/2016,5600,102.3
21/12/2016,5600,102.3
22/12/2016,5600,102.47
23/12/2016,5600,102.44
24/12/2016,5600,102.45
25/12/2016,5600,102.41
26/12/2016,5600,102.36
27/12/2016,5600,102.4
28/12/2016,5600,102.59
29/12/2016,5600,102.37
30/12/2016,5500,102.42
31/12/2016,5500,102.42
01/01/2017,5500,102.48
02/01/2017,5500,102.82
03/01/2017,5500,102.49
04/01/2017,5500,103.51
05/01/2017,5500,103.84
06/01/2017,5500,103.72
07/01/2017,5500,103.69
08/01/2017,5450,103.74
09/01/2017,5450,103.86
10/01/2017,5450,103.79
11/01/2017,5450,103.96
12/01/2017,5400,103.86
13/01/2017,5400,103.93
14/01/2017,5400,103.93
15/01/2017,5400,103.9
16/01/2017,5400,103.88
17/01/2017,5400,104.05
18/01/2017,5400,103.89
19/01/2017,5400,103.91
20/01/2017,5400,103.85
21/01/2017,5400,103.94
22/01/2017,5400,103.47
23/01/2017,5400,103.96
24/01/2017,5400,103.93
25/01/2017,5400,103.92
26/01/2017,5400,103.97
27/01/2017,5400,103.99
28/01/2017,5400,103.99
29/01/2017,5400,104
30/01/2017,5400,103.99
31/01/2017,5400,103.83
01/02/2017,5300,103.93
02/02/2017,5300,103.9
03/02/2017,5300,103.88
04/02/2017,5300,103.88
05/02/2017,5300,103.92
06/02/2017,5300,103.76
07/02/2017,5300,103.75
08/02/2017,5250,103.74
09/02/2017,5250,103.45
10/02/2017,5250,103.46
11/02/2017,5250,103.48
12/02/2017,5200,103.46
13/02/2017,5200,103.7
14/02/2017,5150,103.66
15/02/2017,5150,103.69
16/02/2017,5150,103.56
17/02/2017,5150,103.54
18/02/2017,5150,103.54
19/02/2017,5150,103.61
20/02/2017,5150,103.47
21/02/2017,5150,103.59
22/02/2017,5150,103.6
23/02/2017,5150,103.61
24/02/2017,5250,103.67
25/02/2017,5250,103.59
26/02/2017,5250,103.58
27/02/2017,5250,103.31
28/02/2017,5250,103.9
01/03/2017,5250,102.84
02/03/2017,5250,102.83
03/03/2017,5300,102.62
04/03/2017,5400,102.58
05/03/2017,5400,101.8
06/03/2017,5500,102.63
07/03/2017,5500,102.59
08/03/2017,5650,102.6
09/03/2017,5650,102.52
10/03/2017,5650,102.52
11/03/2017,5750,102.52
12/03/2017,5850,102.51
13/03/2017,5850,102.65
14/03/2017,6000,102.68
15/03/2017,6000,102.78
16/03/2017,6000,103.01
17/03/2017,6000,103.06
18/03/2017,6000,103.01
19/03/2017,6000,103.06
20/03/2017,6000,103.11
21/03/2017,6000,102.91
22/03/2017,6000,102.91
23/03/2017,5750,102.95
24/03/2017,5750,102.88
25/03/2017,5750,102.89
26/03/2017,5750,102.84
27/03/2017,5750,102.81
28/03/2017,5750,102.81
29/03/2017,5750,103.08
30/03/2017,5750,102.96
31/03/2017,5750,102.93
01/04/2017,5750,102.93
02/04/2017,5750,103.03
03/04/2017,5900,103.24
04/04/2017,5900,103.18
05/04/2017,6200,103.18
06/04/2017,6200,103.42
07/04/2017,6400,103.24
08/04/2017,6400,103.66
09/04/2017,6600,103.68
10/04/2017,6600,103.42
11/04/2017,6600,103.48
12/04/2017,6600,103.42
13/04/2017,6600,103.44
14/04/2017,6700,103.62
15/04/2017,6700,103.65
16/04/2017,6700,103.61
17/04/2017,6700,103.34
18/04/2017,6700,103.39
19/04/2017,6900,103.4
20/04/2017,6900,103.39
21/04/2017,6900,103.34
22/04/2017,7000,103.34
23/04/2017,7000,103.35
24/04/2017,7000,103.26
25/04/2017,7000,103.17
26/04/2017,7000,103.26
27/04/2017,7200,103.31
28/04/2017,7300,103.24
29/04/2017,7500,103.22
30/04/2017,7600,103.24
01/05/2017,7700,103.25
02/05/2017,7700,103.17
03/05/2017,7700,103.11
04/05/2017,7800,103.1
05/05/2017,7900,103.11
06/05/2017,7900,103.11
07/05/2017,7900,103.09
08/05/2017,8000,103.19
09/05/2017,8100,103.19
10/05/2017,8300,103.17
11/05/2017,8200,103.18
12/05/2017,8000,103.19
13/05/2017,7600,103.19
14/05/2017,7500,103.24
15/05/2017,7450,103.21
16/05/2017,7450,103.21
17/05/2017,7400,103.35
18/05/2017,7200,103.35
19/05/2017,7200,103.31
20/05/2017,7200,103.31
21/05/2017,7000,103.33
22/05/2017,7000,103.25
23/05/2017,7000,103.29
24/05/2017,6800,103.25
25/05/2017,6800,103.21
26/05/2017,6500,103.32
27/05/2017,6500,103.36
28/05/2017,6400,103.36
29/05/2017,6300,103.33
30/05/2017,6100,103.31
31/05/2017,6100,103.27
01/06/2017,6050,103.28
02/06/2017,6050,103.27
03/06/2017,5750,103.39
04/06/2017,5600,102.65
05/06/2017,5500,103.36
06/06/2017,5500,103.41
07/06/2017,5500,103.38
08/06/2017,5500,103.39
09/06/2017,5500,103.45
10/06/2017,5500,103.44
11/06/2017,5500,103.38
12/06/2017,5200,103.39
13/06/2017,5200,103.28
14/06/2017,5200,103.46
15/06/2017,5000,103.39
16/06/2017,5000,103.54
17/06/2017,5000,103.51
18/06/2017,5000,103.52
19/06/2017,5000,103.57
20/06/2017,5000,103.43
21/06/2017,5000,103.45
22/06/2017,5000,103.59
23/06/2017,5000,103.69
24/06/2017,5000,103.72
25/06/2017,5000,103.67
26/06/2017,5000,103.71
27/06/2017,5000,103.67
28/06/2017,5000,103.62
29/06/2017,5000,103.66
30/06/2017,5000,103.68
01/07/2017,4900,103.65
02/07/2017,4900,103.55
03/07/2017,4900,103.79
04/07/2017,4800,103.7
05/07/2017,4800,103.7
06/07/2017,4800,103.76
07/07/2017,4800,103.84
08/07/2017,4700,103.81
09/07/2017,4700,103.91
10/07/2017,4700,103.75
11/07/2017,4650,103.76
12/07/2017,4650,103.35
13/07/2017,4500,104.01
14/07/2017,4500,103.99
15/07/2017,4500,103.96
16/07/2017,4500,103.96
17/07/2017,4400,103.36
18/07/2017,4300,103.76
19/07/2017,4300,103.76
20/07/2017,4300,103.77
21/07/2017,4200,103.96
22/07/2017,4200,103.79
23/07/2017,4200,103.75
24/07/2017,4200,103.91
25/07/2017,4200,103.96
26/07/2017,4200,103.95
27/07/2017,4200,103.85
28/07/2017,4200,103.96
29/07/2017,4200,103.96
30/07/2017,4200,103.95
31/07/2017,4200,104
01/08/2017,4200,103.87
02/08/2017,4200,103.87
03/08/2017,4200,103.85
04/08/2017,4200,103.85
05/08/2017,4200,103.85
06/08/2017,4200,103.88
07/08/2017,4200,103.99
08/08/2017,4200,103.99
09/08/2017,4200,104.11
10/08/2017,4200,103.85
11/08/2017,4200,103.81
12/08/2017,4200,103.6
13/08/2017,4200,103.6
14/08/2017,4200,103.6
15/08/2017,4200,103.6
16/08/2017,4200,103.6
17/08/2017,4200,103.6
18/08/2017,4200,103.6
19/08/2017,4200,103.17
20/08/2017,4200,103.16
21/08/2017,4200,103.16
22/08/2017,4200,103.18
23/08/2017,4200,103.21
24/08/2017,4200,103.19
25/08/2017,4200,103.16
26/08/2017,4200,103.16
27/08/2017,4200,103.24
28/08/2017,4200,103.17
29/08/2017,4200,103.21
30/08/2017,4150,103.21
31/08/2017,4150,102.89
01/09/2017,4150,103.08
02/09/2017,4150,103.08
03/09/2017,4150,103.11
04/09/2017,4150,103.19
05/09/2017,4150,103.31
06/09/2017,4000,103.29
07/09/2017,4000,103.29
08/09/2017,4000,102.85
09/09/2017,4000,102.85
10/09/2017,4000,102.86
11/09/2017,4000,102.73
12/09/2017,4000,102.76
13/09/2017,3900,102.88
14/09/2017,3900,102.93
15/09/2017,3900,102.85
16/09/2017,3900,103.06
17/09/2017,3900,103.11
18/09/2017,3900,103.01
19/09/2017,3900,103.29
20/09/2017,3900,103.37
21/09/2017,3900,103.34
22/09/2017,3850,103.26
23/09/2017,3850,103.26
24/09/2017,3850,103.56
25/09/2017,3850,103.25
26/09/2017,3850,103.38
27/09/2017,3850,103.41
28/09/2017,3850,103.25
29/09/2017,3850,103.78
30/09/2017,3850,103.78
01/10/2017,3850,103.25
02/10/2017,3850,103.31
03/10/2017,3850,103.33
04/10/2017,3800,103.19
05/10/2017,3800,103.25
06/10/2017,3800,103.23
07/10/2017,3800,103.23
08/10/2017,3700,103.22
09/10/2017,3700,103.25
10/10/2017,3700,103.25
11/10/2017,3700,103.28
12/10/2017,3700,103.31
13/10/2017,3700,103.32
14/10/2017,3700,103.33
15/10/2017,3700,103.32
16/10/2017,3800,103.31
17/10/2017,3800,103.31
18/10/2017,3800,103.32
19/10/2017,3800,103.29
20/10/2017,3800,103.51
21/10/2017,3800,103.46
22/10/2017,3800,103.46
23/10/2017,3800,103.75
24/10/2017,4000,103.75
25/10/2017,4000,103.75
26/10/2017,4000,103.81
27/10/2017,4100,103.78
28/10/2017,4100,103.78
29/10/2017,4100,103.81
30/10/2017,4100,103.67
31/10/2017,4000,103.65
01/11/2017,4000,103.69
02/11/2017,4000,103.74
03/11/2017,4000,103.75
04/11/2017,4000,103.75
05/11/2017,4000,103.72
06/11/2017,4000,103.69
07/11/2017,4000,103.71
08/11/2017,4000,103.72
09/11/2017,4000,103.62
10/11/2017,4000,103.64
11/11/2017,3800,103.64
12/11/2017,3700,103.72
13/11/2017,3700,103.74
14/11/2017,3700,103.74
15/11/2017,3700,103.76
16/11/2017,3700,103.76
17/11/2017,3700,103.71
18/11/2017,3700,103.72
19/11/2017,3700,103.71
20/11/2017,3700,103.71
21/11/2017,3850,103.34
22/11/2017,3850,103.69
23/11/2017,3850,103.24
24/11/2017,3900,103.29
25/11/2017,3900,103.27
26/11/2017,3900,103.4
27/11/2017,3900,103.45
28/11/2017,3900,103.26
29/11/2017,3900,103.26
30/11/2017,3900,103.26
01/12/2017,3900,103.26
02/12/2017,3850,103.21
03/12/2017,3850,103.21
04/12/2017,3850,103.21
05/12/2017,3850,103.21
06/12/2017,3850,103.21
07/12/2017,3850,103.21
08/12/2017,3850,103.21
09/12/2017,3800,103.21
10/12/2017,3800,103.21
11/12/2017,3800,103.21
12/12/2017,3800,103.21
13/12/2017,3800,103.21
14/12/2017,3800,103.21
15/12/2017,3700,103.21
16/12/2017,3700,103.21
17/12/2017,3700,103.21
18/12/2017,3700,103.21
19/12/2017,3700,103.21
20/12/2017,3700,103.21
21/12/2017,3700,103.21
22/12/2017,3700,103.21
23/12/2017,3700,103.21
24/12/2017,3700,103.21
25/12/2017,3700,103.21
26/12/2017,3700,103.21
27/12/2017,3700,103.21
28/12/2017,3700,103.21
29/12/2017,3700,103.21
30/12/2017,3650,103.21
31/12/2017,3650,103.21
01/01/2018,3650,103.21
02/01/2018,3650,103.21
03/01/2018,3650,103.21
04/01/2018,3650,103.21
05/01/2018,3650,103.21
06/01/2018,3650,103.21
07/01/2018,3650,103.21
08/01/2018,3600,103.21
09/01/2018,3600,103.21
10/01/2018,3600,103.21
11/01/2018,3600,103.21
12/01/2018,3600,103.21
13/01/2018,3600,103.21
14/01/2018,3500,103.21
15/01/2018,3500,103.21
16/01/2018,3500,103.21
17/01/2018,3500,103.21
18/01/2018,3700,103.21
19/01/2018,3700,102.71
20/01/2018,3700,102.51
21/01/2018,3700,102.5
22/01/2018,3700,102.7
23/01/2018,3700,102.45
24/01/2018,3700,102.3
25/01/2018,3700,102.39
26/01/2018,3700,102.31
27/01/2018,3700,102.31
28/01/2018,3700,102.34
29/01/2018,3700,102.37
30/01/2018,3700,102.41
31/01/2018,3700,102.09
01/02/2018,4000,101.87
02/02/2018,4000,101.7
03/02/2018,4000,101.95
04/02/2018,4000,101.55
05/02/2018,4000,101.31
06/02/2018,3950,101
07/02/2018,3950,100.8
08/02/2018,3950,100.8
09/02/2018,3950,100.8
10/02/2018,3950,100.8
11/02/2018,3950,100.8
12/02/2018,3950,101.2
13/02/2018,3700,101.29
14/02/2018,3700,101.28
15/02/2018,3700,101.29
16/02/2018,3700,101.4
17/02/2018,3700,101.29
18/02/2018,3700,101.26
19/02/2018,3700,101.23
20/02/2018,3700,101.32
21/02/2018,3700,101.5
22/02/2018,3700,101.79
23/02/2018,3700,101.95
24/02/2018,3700,101.81
25/02/2018,3700,101.6
26/02/2018,3700,101.68
27/02/2018,3700,101.33
28/02/2018,3700,101.33
01/03/2018,3700,101.33
02/03/2018,3700,101.39
03/03/2018,3700,101.39
04/03/2018,3700,101.39
05/03/2018,3700,101.39
06/03/2018,3750,101.33
07/03/2018,3750,101.31
08/03/2018,3750,101.15
09/03/2018,3750,101.12
10/03/2018,3750,101.15
11/03/2018,3750,101.15
12/03/2018,3750,101.29
13/03/2018,3750,101.39
14/03/2018,3750,101.39
15/03/2018,3750,101.29
16/03/2018,3750,101.29
17/03/2018,3750,101.29
18/03/2018,3750,101.34
19/03/2018,3750,101.29
20/03/2018,3750,101.25
21/03/2018,3750,101.25
22/03/2018,3750,101.25
23/03/2018,3750,101.25
24/03/2018,3750,101.25
25/03/2018,3750,101.25
26/03/2018,3600,101.25
27/03/2018,3600,101.25
28/03/2018,3600,100
29/03/2018,3600,100
30/03/2018,3600,100
31/03/2018,3600,100
01/04/2018,3600,100
02/04/2018,3600,100
03/04/2018,3600,100
04/04/2018,3600,100
05/04/2018,3600,100
06/04/2018,3600,100
07/04/2018,3600,100
08/04/2018,3600,100
09/04/2018,3600,100
10/04/2018,3600,100
11/04/2018,3600,100
12/04/2018,3600,100
13/04/2018,3600,100
14/04/2018,3600,100
15/04/2018,3600,100
16/04/2018,3600,100
17/04/2018,3600,100
18/04/2018,3600,100
19/04/2018,3600,100
20/04/2018,3600,99
21/04/2018,3600,99
22/04/2018,3600,99
23/04/2018,3600,100
24/04/2018,3600,100
25/04/2018,3600,100
26/04/2018,3600,100
27/04/2018,3600,100
28/04/2018,3600,100
29/04/2018,3600,100
30/04/2018,3600,100
01/05/2018,3600,100
02/05/2018,3600,100
03/05/2018,3600,100
04/05/2018,3600,100
05/05/2018,3600,100
06/05/2018,3600,100
07/05/2018,3600,100
08/05/2018,3600,100
09/05/2018,3600,100
10/05/2018,3600,100
11/05/2018,3600,100
12/05/2018,3600,100
13/05/2018,3600,100
14/05/2018,3600,100
15/05/2018,3600,100
16/05/2018,3600,100
17/05/2018,3600,100
18/05/2018,3600,100
19/05/2018,3600,100
20/05/2018,3600,100
21/05/2018,3600,100
22/05/2018,3600,100
23/05/2018,3600,100
24/05/2018,3600,100
25/05/2018,3600,100
26/05/2018,3600,100
27/05/2018,3600,100
28/05/2018,3600,100
29/05/2018,3600,100
30/05/2018,3600,100
31/05/2018,3600,100
01/06/2018,3600,100
02/06/2018,3600,100
03/06/2018,3600,100
04/06/2018,3600,100
05/06/2018,3600,100
06/06/2018,3600,100
07/06/2018,3600,100
08/06/2018,3600,100
09/06/2018,3600,100
10/06/2018,3600,100
11/06/2018,3600,100
12/06/2018,3600,100
13/06/2018,3600,100
14/06/2018,3600,100
15/06/2018,3600,100
16/06/2018,3600,100
17/06/2018,3600,100
18/06/2018,3600,100
19/06/2018,3600,100
20/06/2018,3600,100
21/06/2018,3600,100
22/06/2018,3600,100
23/06/2018,3600,100
24/06/2018,3600,100
25/06/2018,3600,100
26/06/2018,3600,100
27/06/2018,5000,100
28/06/2018,5000,100
29/06/2018,5000,100
30/06/2018,5000,100
01/07/2018,5000,100
02/07/2018,5000,100
03/07/2018,5000,100
04/07/2018,5000,100
05/07/2018,5000,100
06/07/2018,5000,100
07/07/2018,5000,100
08/07/2018,5000,100
09/07/2018,5300,100
10/07/2018,5300,100
11/07/2018,5300,100
12/07/2018,5300,100
13/07/2018,5300,100
14/07/2018,5300,100
15/07/2018,5300,100
16/07/2018,5300,100
17/07/2018,5300,100
18/07/2018,5200,100
19/07/2018,5200,100
20/07/2018,5200,100
21/07/2018,5200,100
22/07/2018,5200,100
23/07/2018,5100,100
24/07/2018,5100,100
25/07/2018,5100,100
26/07/2018,5100,100
27/07/2018,5100,100
28/07/2018,5100,100
29/07/2018,5100,100
30/07/2018,5100,100
31/07/2018,5500,100.67
01/08/2018,5500,100.67
02/08/2018,5500,100.67
03/08/2018,6000,100.67
04/08/2018,6000,100.67
05/08/2018,6000,100.67
06/08/2018,6000,100.67
07/08/2018,6000,100.67
08/08/2018,6000,100.67
09/08/2018,6000,100.67
10/08/2018,6000,100.67
11/08/2018,6500,100.67
12/08/2018,6500,100.67
13/08/2018,6500,100.67
14/08/2018,6500,100.67
15/08/2018,6500,100.67
16/08/2018,6500,100.67
17/08/2018,6650,100.68
18/08/2018,6450,100.86
19/08/2018,6300,100.78
20/08/2018,6300,100.75
21/08/2018,6250,100.67
22/08/2018,6500,100.65
23/08/2018,6450,100.61
24/08/2018,6600,100.67
25/08/2018,6500,100.62
26/08/2018,6500,100.64
27/08/2018,6450,100.68
28/08/2018,6550,100.67
29/08/2018,6200,100.57
30/08/2018,6350,100.59
31/08/2018,6300,100.54
01/09/2018,6600,100.65
02/09/2018,6500,100.67
03/09/2018,6400,100.56
04/09/2018,6450,100.56
05/09/2018,6450,100.7
06/09/2018,6500,100.63
07/09/2018,6350,100.54
08/09/2018,6450,100.5
09/09/2018,6400,100.52
10/09/2018,6000,100.62
11/09/2018,6300,100.62
12/09/2018,6250,100.6
13/09/2018,6250,100.81
14/09/2018,6000,100.81
15/09/2018,6050,100.81
16/09/2018,4850,100.81
17/09/2018,5150,100.81
18/09/2018,5650,100.81
19/09/2018,5150,100.81
20/09/2018,5250,100.81
21/09/2018,5150,100.81
22/09/2018,5150,100.81
23/09/2018,5200,100.81
24/09/2018,5200,100.81
25/09/2018,5250,100.81
26/09/2018,4950,100.81
27/09/2018,4850,100.81
28/09/2018,4650,100.81
29/09/2018,4650,100.81
30/09/2018,4650,100.81
01/10/2018,4650,100.81
02/10/2018,4450,100.81
03/10/2018,4450,100.81
04/10/2018,4450,100.81
05/10/2018,4450,100.81
06/10/2018,4450,100.81
07/10/2018,4250,100.81
08/10/2018,4150,100.81
09/10/2018,4050,100.81
10/10/2018,4050,100.81
11/10/2018,4050,100.81
12/10/2018,4050,102
13/10/2018,4250,102
14/10/2018,4250,102
15/10/2018,4350,102
16/10/2018,4550,102
17/10/2018,4550,102
18/10/2018,4550,102
19/10/2018,4550,102
20/10/2018,4450,102
21/10/2018,4450,102
22/10/2018,4450,102
23/10/2018,4450,102
24/10/2018,4450,102
25/10/2018,4450,102
26/10/2018,4450,102
27/10/2018,4150,102
28/10/2018,4150,102
29/10/2018,4250,102
30/10/2018,4200,102
31/10/2018,4200,102
01/11/2018,4150,102
02/11/2018,4250,102
03/11/2018,4150,102
04/11/2018,4150,102
05/11/2018,4200,102
06/11/2018,4150,102
07/11/2018,4150,102
08/11/2018,4100,102
09/11/2018,4100,102
10/11/2018,4150,102
11/11/2018,4250,102
12/11/2018,4250,102
13/11/2018,4250,102
14/11/2018,4350,102
15/11/2018,4250,102
16/11/2018,4200,102
17/11/2018,4200,102
18/11/2018,4200,102
19/11/2018,4150,102
20/11/2018,4150,102
21/11/2018,4150,102
22/11/2018,4200,102
23/11/2018,4150,102
24/11/2018,4200,102
25/11/2018,4150,102
26/11/2018,4200,102
27/11/2018,4500,102.35
28/11/2018,4450,102.57
29/11/2018,4400,102.68
30/11/2018,4500,102.44
01/12/2018,4500,102.5
02/12/2018,4400,102.38
03/12/2018,4400,102.41
04/12/2018,4450,102.57
05/12/2018,4450,102.5
06/12/2018,4300,102.53
07/12/2018,4300,102.5
08/12/2018,4300,102.27
09/12/2018,4300,102.2
10/12/2018,4250,102.35
11/12/2018,4250,102.37
12/12/2018,4100,102.55
13/12/2018,4100,102.55
14/12/2018,4100,102.47
15/12/2018,4100,102.47
16/12/2018,4100,102.47
17/12/2018,4100,102.43
18/12/2018,4100,102.37
19/12/2018,4100,102.28
20/12/2018,4100,101.83
21/12/2018,4100,101.31
22/12/2018,4100,101.31
23/12/2018,4100,101.31
24/12/2018,4100,101.74
25/12/2018,4100,101.74
26/12/2018,4100,101.74
27/12/2018,4100,101.72
28/12/2018,4100,101.71
29/12/2018,4100,101.71
30/12/2018,4100,101.71
31/12/2018,4100,101.74
01/01/2019,4100,101.74
02/01/2019,4100,101.73
03/01/2019,4100,102.02
04/01/2019,4200,102.06
05/01/2019,4200,102.06
06/01/2019,4200,102.06
07/01/2019,4200,102
08/01/2019,4200,101.76
09/01/2019,4200,101.85
10/01/2019,4200,101.75
11/01/2019,4200,101.65
12/01/2019,4200,101.65
13/01/2019,4200,101.65
14/01/2019,4100,101.64
15/01/2019,4100,101.59
16/01/2019,4100,101.6
17/01/2019,4100,101.61
18/01/2019,4100,101.63
19/01/2019,4100,101.63
20/01/2019,4100,101.63
21/01/2019,4100,101.6
22/01/2019,4100,101.5
23/01/2019,4100,101.5
24/01/2019,4100,101.3
25/01/2019,4000,100.98
26/01/2019,4000,100.98
27/01/2019,4000,100.98
28/01/2019,4000,100.7
29/01/2019,4000,100.61
30/01/2019,4000,100.72
31/01/2019,4100,100.79
01/02/2019,4100,100.51
02/02/2019,4100,100.51
03/02/2019,4100,100.51
04/02/2019,4100,100.27
05/02/2019,4100,100.05
06/02/2019,4100,99.97
07/02/2019,3800,99.99
08/02/2019,3800,100.04
09/02/2019,3800,100.04
10/02/2019,3850,100.04
11/02/2019,3850,100.25
12/02/2019,3850,100.42
13/02/2019,3900,100.17
14/02/2019,3900,100.14
15/02/2019,3900,100.14
16/02/2019,3900,100.14
17/02/2019,3900,100.14
18/02/2019,4000,100.09
19/02/2019,4000,100.07
20/02/2019,4000,100.16
21/02/2019,4000,100.14
22/02/2019,4000,100.12
23/02/2019,4000,100.12
24/02/2019,4000,100.12
25/02/2019,4000,100.08
26/02/2019,4000,99.96
27/02/2019,4000,100.02
28/02/2019,4000,99.98
01/03/2019,4000,99.94
02/03/2019,4000,99.94
03/03/2019,4000,99.94
04/03/2019,4150,99.94
05/03/2019,4000,99.93
06/03/2019,4000,99.94
07/03/2019,4000,99.92
08/03/2019,4000,99.61
09/03/2019,4000,99.61
10/03/2019,4000,99.61
11/03/2019,4000,99.55
12/03/2019,4000,99.5
13/03/2019,4000,100.08
14/03/2019,4000,100.14
15/03/2019,4000,100.06
16/03/2019,3900,100.06
17/03/2019,3900,100.06
18/03/2019,3900,100.19
19/03/2019,3900,100.55
20/03/2019,3900,100.75
21/03/2019,3900,100.9
22/03/2019,3900,100.67
23/03/2019,3900,100.67
24/03/2019,3900,100.67
25/03/2019,3900,100.6
26/03/2019,3900,100.86
27/03/2019,3900,100.85
28/03/2019,3900,100.77
29/03/2019,3900,100.65
30/03/2019,3900,100.65
31/03/2019,3900,100.65
01/04/2019,3800,100.68
02/04/2019,3800,100.74
03/04/2019,3800,100.8
04/04/2019,3800,100.7
05/04/2019,3800,100.61
06/04/2019,3800,100.61
07/04/2019,3800,100.61
08/04/2019,3800,100.53
09/04/2019,3800,100.54
10/04/2019,3800,100.74
11/04/2019,3800,100.99
12/04/2019,3800,100.85
13/04/2019,3800,100.85
14/04/2019,3800,100.85
15/04/2019,3900,100.89
16/04/2019,3900,100.89
17/04/2019,4000,100.95
18/04/2019,4000,101.15
19/04/2019,4000,101.15
20/04/2019,4000,101.15
21/04/2019,4000,101.15
22/04/2019,4200,101.15
23/04/2019,4200,101.23
24/04/2019,4200,101.43
25/04/2019,4200,101.44
26/04/2019,4200,101.41
27/04/2019,4300,101.41
28/04/2019,4300,101.41
29/04/2019,4350,101.38
30/04/2019,4350,101.38
01/05/2019,4400,101.38
02/05/2019,4400,101.09
03/05/2019,4550,100.8
04/05/2019,4600,100.8
05/05/2019,4600,100.8
06/05/2019,4700,100.99
07/05/2019,4700,100.84
08/05/2019,4700,100.94
09/05/2019,4700,101.08
10/05/2019,4700,101.03
11/05/2019,4700,101.03
12/05/2019,4700,101.03
13/05/2019,4700,100.97
14/05/2019,4700,100.97
15/05/2019,4500,100.99
16/05/2019,4500,101.01
17/05/2019,4500,101.01
18/05/2019,4500,101.01
19/05/2019,4500,101.01
20/05/2019,4400,101.01
21/05/2019,4400,101.01
22/05/2019,4300,101.06
23/05/2019,4200,101.11
24/05/2019,4200,101.12
25/05/2019,4200,101.12
26/05/2019,4200,101.12
27/05/2019,4100,101.14
28/05/2019,4100,101.14
29/05/2019,4100,101.17
30/05/2019,4100,101.3
31/05/2019,4100,101.25
01/06/2019,4100,101.25
02/06/2019,4100,101.25
03/06/2019,4100,101.18
04/06/2019,4100,101.18
05/06/2019,4100,101.18
06/06/2019,4100,101.25
07/06/2019,4050,101.2
08/06/2019,4050,101.2
09/06/2019,4050,101.2
10/06/2019,4300,101.1
11/06/2019,4300,101.17
12/06/2019,4300,101.28
13/06/2019,4300,101.28
14/06/2019,4300,101.44
15/06/2019,4300,101.44
16/06/2019,4300,101.44
17/06/2019,4300,101.71
18/06/2019,4300,101.9
19/06/2019,4300,101.92
20/06/2019,4300,101.8
21/06/2019,4300,101.77
22/06/2019,4300,101.77
23/06/2019,4300,101.77
24/06/2019,4300,101.77
25/06/2019,4300,101.81
26/06/2019,4300,102.09
27/06/2019,4300,102.07
28/06/2019,4300,102.19
29/06/2019,4300,102.19
30/06/2019,4300,102.19
01/07/2019,4300,102.26
02/07/2019,4300,102.61
03/07/2019,4300,102.9
04/07/2019,4300,102.19
05/07/2019,4300,102.53
06/07/2019,4300,102.53
07/07/2019,4300,102.53
08/07/2019,4300,102.5
09/07/2019,4250,102.59
10/07/2019,4250,102.59
11/07/2019,4250,102.82
12/07/2019,4250,102.82
13/07/2019,4250,102.82
14/07/2019,4250,102.82
15/07/2019,4200,102.85
16/07/2019,4200,102.92
17/07/2019,4200,102.95
18/07/2019,4100,102.96
19/07/2019,4100,103
20/07/2019,4100,103
21/07/2019,4100,103
22/07/2019,4100,103.11
23/07/2019,4100,103.51
24/07/2019,4100,103.66
25/07/2019,4100,103.92
26/07/2019,4100,103.7
27/07/2019,4100,103.7
28/07/2019,4100,103.7
29/07/2019,4100,103.71
30/07/2019,4050,103.97
31/07/2019,4050,104.11
01/08/2019,4050,104.07
02/08/2019,4050,103.13
03/08/2019,4050,103.13
04/08/2019,4050,103.13
05/08/2019,4100,102.9
06/08/2019,4100,103.1
07/08/2019,4100,103.17
08/08/2019,4100,103.33
09/08/2019,4100,103.27
10/08/2019,4100,103.27
11/08/2019,4100,103.27
12/08/2019,4150,103.27
13/08/2019,4150,102.96
14/08/2019,4150,103.15
15/08/2019,4150,103.16
16/08/2019,4150,103.23
17/08/2019,4150,103.23
18/08/2019,4150,103.23
19/08/2019,4100,103.28
20/08/2019,4100,103.19
21/08/2019,4100,102.86
22/08/2019,4100,102.86
23/08/2019,4100,102.95
24/08/2019,4050,102.95
25/08/2019,4050,102.95
26/08/2019,4000,103.07
27/08/2019,4000,103.22
28/08/2019,4000,103.34
29/08/2019,4000,103.38
30/08/2019,4000,103.45
31/08/2019,4000,103.45
01/09/2019,4000,103.45
02/09/2019,4000,103.48
03/09/2019,4000,103.63
04/09/2019,4000,103.82
05/09/2019,4000,103.82
06/09/2019,4000,103.88
07/09/2019,3900,103.88
08/09/2019,3900,103.88
09/09/2019,3900,103.82
10/09/2019,3900,103.72
11/09/2019,3900,103.66
12/09/2019,3950,103.77
13/09/2019,4000,103.78
14/09/2019,4000,103.78
15/09/2019,4000,103.78
16/09/2019,4000,103.77
17/09/2019,4000,103.79
18/09/2019,4000,103.86
19/09/2019,4000,103.91
20/09/2019,4000,103.83
21/09/2019,4000,103.83
22/09/2019,4000,103.83
23/09/2019,4000,103.83
24/09/2019,4000,103.86
25/09/2019,4000,103.82
26/09/2019,4000,103.86
27/09/2019,4000,103.81
28/09/2019,4000,103.81
29/09/2019,4000,103.81
30/09/2019,4000,103.88
01/10/2019,4000,103.85
02/10/2019,4000,103.86
03/10/2019,4000,103.86
04/10/2019,4000,103.81
05/10/2019,4000,103.81
06/10/2019,4000,103.81
07/10/2019,3950,103.84
08/10/2019,3950,103.79
09/10/2019,3950,103.78
10/10/2019,3950,102.01
11/10/2019,3950,102.01
12/10/2019,3950,102.01
13/10/2019,3950,102.01
14/10/2019,3950,102.01
15/10/2019,3950,102.01
16/10/2019,3950,102.01
17/10/2019,3950,102.01
18/10/2019,3950,102.01
19/10/2019,3950,102.01
20/10/2019,3950,102.01
21/10/2019,3950,102.01
22/10/2019,3950,102.01
23/10/2019,3950,102.01
24/10/2019,3950,102.01
25/10/2019,3950,102.01
26/10/2019,3950,102.01
27/10/2019,3950,102.01
28/10/2019,3950,102.01
29/10/2019,3950,102.01
30/10/2019,3950,102.01
31/10/2019,3950,102.01
01/11/2019,4000,102.01
02/11/2019,4000,102.01
03/11/2019,4000,102.01
04/11/2019,4000,102.01
05/11/2019,4000,102.01
06/11/2019,4000,102.01
07/11/2019,4000,102.01
08/11/2019,4150,102.01
09/11/2019,4150,102.01
10/11/2019,4150,102.01
11/11/2019,4150,102.01
12/11/2019,4150,102.01
13/11/2019,4150,102.01
14/11/2019,4150,102.01
15/11/2019,4150,102.01
16/11/2019,4150,102.01
17/11/2019,4200,102.01
18/11/2019,4200,102.01
19/11/2019,4200,102.01
20/11/2019,4200,102.01
21/11/2019,4200,102.01
22/11/2019,4200,102.01
23/11/2019,4200,102.01
24/11/2019,4200,102.01
25/11/2019,4300,102.01
26/11/2019,4300,102.01
27/11/2019,4300,102.01
28/11/2019,4300,102.01
29/11/2019,4300,102.01
30/11/2019,4300,102.01
01/12/2019,4400,101
02/12/2019,4400,101
03/12/2019,4400,101
04/12/2019,4600,101
05/12/2019,4600,101
06/12/2019,4600,101
07/12/2019,4600,101
08/12/2019,4600,101
09/12/2019,4800,101
10/12/2019,4800,101
11/12/2019,4800,101
12/12/2019,4800,101
13/12/2019,4800,101
14/12/2019,5000,101
15/12/2019,5000,101
16/12/2019,5000,101
17/12/2019,5000,101
18/12/2019,5000,101
19/12/2019,4700,101
20/12/2019,4700,101
21/12/2019,4700,101
22/12/2019,4700,101
23/12/2019,4700,101
24/12/2019,4600,101
25/12/2019,4600,101
26/12/2019,4600,101
27/12/2019,4600,101
28/12/2019,4600,101
29/12/2019,4600,101
30/12/2019,4600,101
31/12/2019,4600,101
01/01/2020,4500,101
02/01/2020,4500,101
03/01/2020,4500,101
04/01/2020,4500,101
05/01/2020,4500,101
06/01/2020,4500,100.7
07/01/2020,4300,100.7
08/01/2020,4300,100.7
09/01/2020,4300,100.7
10/01/2020,4300,100.7
11/01/2020,4300,100.7
12/01/2020,4200,100.7
13/01/2020,4200,100.7
14/01/2020,4200,100.7
15/01/2020,4200,100.7
16/01/2020,4200,100.7
17/01/2020,4200,100.7
18/01/2020,4200,100.7
19/01/2020,4200,100.7
20/01/2020,4200,100.7
21/01/2020,4200,100.7
22/01/2020,4200,100.7
23/01/2020,4200,100.7
24/01/2020,4200,100.7
25/01/2020,4200,100.7
26/01/2020,4200,100.7
27/01/2020,4200,100.7
28/01/2020,4200,100.7
29/01/2020,4200,100.7
30/01/2020,4200,100.7
31/01/2020,4200,100.7
01/02/2020,4200,100.7
02/02/2020,4200,100.7
03/02/2020,4200,100.7
04/02/2020,4400,100.7
05/02/2020,4400,100.7
06/02/2020,4400,100.7
07/02/2020,4500,100.7
08/02/2020,4500,100.7
09/02/2020,4500,100.7
10/02/2020,4600,100.7
11/02/2020,4600,100.7
12/02/2020,4700,100.7
13/02/2020,4800,100.7
14/02/2020,4800,100.7
15/02/2020,4700,100.7
16/02/2020,4600,100.7
17/02/2020,4600,100.7
18/02/2020,4500,100.7
19/02/2020,4500,102
20/02/2020,4500,102
21/02/2020,4500,102
22/02/2020,4350,102
23/02/2020,4350,102
24/02/2020,4350,102
25/02/2020,4350,102
26/02/2020,4350,102
27/02/2020,4250,102
28/02/2020,4250,102
29/02/2020,4250,102
01/03/2020,4250,102
02/03/2020,4250,102
03/03/2020,4250,102
04/03/2020,4200,102
05/03/2020,4200,102
06/03/2020,4200,102
07/03/2020,4200,102
08/03/2020,4200,102
09/03/2020,4200,102
10/03/2020,4200,102
11/03/2020,4200,102
12/03/2020,4200,102
13/03/2020,4300,103
14/03/2020,4300,103
15/03/2020,4300,103
16/03/2020,4300,103
17/03/2020,4400,103
18/03/2020,4400,103
19/03/2020,4400,104
20/03/2020,4500,104
21/03/2020,4500,104
22/03/2020,4500,104
23/03/2020,4500,106
24/03/2020,4400,106
25/03/2020,4400,106
26/03/2020,4400,106
27/03/2020,4400,106
28/03/2020,4400,106
29/03/2020,4400,106
30/03/2020,4400,106
31/03/2020,4400,106
01/04/2020,4400,106
02/04/2020,4400,106
03/04/2020,4400,106
04/04/2020,4400,106
05/04/2020,4400,106
06/04/2020,4400,106
07/04/2020,4400,106
08/04/2020,4400,106
09/04/2020,4400,106
10/04/2020,4400,106
11/04/2020,4400,106
12/04/2020,4400,106
13/04/2020,4400,106
14/04/2020,4400,106
15/04/2020,4400,106
16/04/2020,4400,106
17/04/2020,4400,106
18/04/2020,4400,106
19/04/2020,4400,106
20/04/2020,4400,106
21/04/2020,4450,106
22/04/2020,4350,106
23/04/2020,4350,106
24/04/2020,4350,106
25/04/2020,4350,106
26/04/2020,4350,106
27/04/2020,4350,106
28/04/2020,4350,106
29/04/2020,4350,106
30/04/2020,4350,106
01/05/2020,4350,107
02/05/2020,4350,107
03/05/2020,4350,107
04/05/2020,4350,107
05/05/2020,4350,107
06/05/2020,4350,107
07/05/2020,4350,107
08/05/2020,4350,107
09/05/2020,4350,107
10/05/2020,4350,107
11/05/2020,4350,107
12/05/2020,4350,107
13/05/2020,4350,107
14/05/2020,4350,107
15/05/2020,4350,107
16/05/2020,4350,107
17/05/2020,4350,107
18/05/2020,4350,107
19/05/2020,4350,107
20/05/2020,4350,107
21/05/2020,4350,107
22/05/2020,4350,107
23/05/2020,4350,107
24/05/2020,4350,107
25/05/2020,4350,107
26/05/2020,4350,107
27/05/2020,4350,107
28/05/2020,4350,107
29/05/2020,4350,107
30/05/2020,4350,107
31/05/2020,4300,107
01/06/2020,4300,107
02/06/2020,4300,107
03/06/2020,4300,107
04/06/2020,4300,107
05/06/2020,4300,107
06/06/2020,4300,107
07/06/2020,4300,107
08/06/2020,4300,107
09/06/2020,4300,107
10/06/2020,4300,107
11/06/2020,4300,107
12/06/2020,4300,107
13/06/2020,4300,107
14/06/2020,4300,107
15/06/2020,4300,107
16/06/2020,4300,107
17/06/2020,4300,107
18/06/2020,4300,107
19/06/2020,4300,107
20/06/2020,4300,107
21/06/2020,4300,107
22/06/2020,4300,107
23/06/2020,4300,107
24/06/2020,4300,107
25/06/2020,4300,107
26/06/2020,4300,107
27/06/2020,4300,107
28/06/2020,4300,107
29/06/2020,4300,107
30/06/2020,4300,107
01/07/2020,4300,107
02/07/2020,4300,107
03/07/2020,4550,107
04/07/2020,4550,107
05/07/2020,4750,107
06/07/2020,4750,107
07/07/2020,4750,107
08/07/2020,4750,107
09/07/2020,4750,107
10/07/2020,4750,107
11/07/2020,5150,107
12/07/2020,5150,107
13/07/2020,5150,107
14/07/2020,5150,107
15/07/2020,5150,107
16/07/2020,5050,107
17/07/2020,5050,107
18/07/2020,4850,107
19/07/2020,4850,107
20/07/2020,4650,107
21/07/2020,4650,107
22/07/2020,4550,108
23/07/2020,4550,108
24/07/2020,4550,108
25/07/2020,4550,108
26/07/2020,4550,108
27/07/2020,4550,109
28/07/2020,4550,109
29/07/2020,4550,109
30/07/2020,4550,109
31/07/2020,4550,109
01/08/2020,4550,109
02/08/2020,4550,109
03/08/2020,4550,109
04/08/2020,4550,109
05/08/2020,4550,109
06/08/2020,4550,109
07/08/2020,4550,109
08/08/2020,4550,109
09/08/2020,4550,109
10/08/2020,4550,109
11/08/2020,4550,109
12/08/2020,4550,109
13/08/2020,4550,109
14/08/2020,4550,109
15/08/2020,4550,109
16/08/2020,4550,109
17/08/2020,4550,109
18/08/2020,4550,109
19/08/2020,4550,109
20/08/2020,4550,109
21/08/2020,4550,109
22/08/2020,4550,109
23/08/2020,4550,109
24/08/2020,4550,109
25/08/2020,4550,109
26/08/2020,4550,109
27/08/2020,4550,109
28/08/2020,4550,109
29/08/2020,4550,109
30/08/2020,4550,109
31/08/2020,4500,109
01/09/2020,4500,109
02/09/2020,4500,109
03/09/2020,4500,109
04/09/2020,4500,109
05/09/2020,4500,109
06/09/2020,4500,109
07/09/2020,4500,109
08/09/2020,4500,109
09/09/2020,4500,109
10/09/2020,4500,109
11/09/2020,4500,109
12/09/2020,4500,109
13/09/2020,4500,109
14/09/2020,4500,109
15/09/2020,4500,109
16/09/2020,4500,109
17/09/2020,4500,109
18/09/2020,4500,109
19/09/2020,4500,109
20/09/2020,4500,109
21/09/2020,4500,109
22/09/2020,4500,109
23/09/2020,4500,109
24/09/2020,4500,109
25/09/2020,4500,109
26/09/2020,4500,109
27/09/2020,4500,109
28/09/2020,4500,109
29/09/2020,4450,109
30/09/2020,4450,109
01/10/2020,4450,109
02/10/2020,4450,109
03/10/2020,4450,109
04/10/2020,4450,109
05/10/2020,4450,109
06/10/2020,4450,109
07/10/2020,4450,109
08/10/2020,4450,109
09/10/2020,4450,109
10/10/2020,4450,109
11/10/2020,4450,109
12/10/2020,4450,109
13/10/2020,4450,109
14/10/2020,4450,109
15/10/2020,4450,109
16/10/2020,4450,109
17/10/2020,4450,109
18/10/2020,4500,109
19/10/2020,4500,109
20/10/2020,4500,109
21/10/2020,4500,109
22/10/2020,4500,109
23/10/2020,4500,109
24/10/2020,4500,109
25/10/2020,4500,109
26/10/2020,4500,109
27/10/2020,4500,109
28/10/2020,4500,109
29/10/2020,4500,109
30/10/2020,4500,109
31/10/2020,4500,109
01/11/2020,4500,109
02/11/2020,4500,109
03/11/2020,4500,109
04/11/2020,4550,109
05/11/2020,4550,109
06/11/2020,4550,109
07/11/2020,4550,109
08/11/2020,4550,109
09/11/2020,4550,109
10/11/2020,4550,109
11/11/2020,4550,109
12/11/2020,4550,109
13/11/2020,4550,109
14/11/2020,4550,109
15/11/2020,4550,109
16/11/2020,4550,109
17/11/2020,4550,109
18/11/2020,4550,109
19/11/2020,4550,109
20/11/2020,4550,109
21/11/2020,4550,109
22/11/2020,4550,109
23/11/2020,4550,109
24/11/2020,4550,109
25/11/2020,4550,109
26/11/2020,4550,109
27/11/2020,4550,109
28/11/2020,4550,109
29/11/2020,4550,109
30/11/2020,4550,109
01/12/2020,4550,109
02/12/2020,4550,109
03/12/2020,4550,109
04/12/2020,4550,109
05/12/2020,4550,109
06/12/2020,4550,109
07/12/2020,4550,109
08/12/2020,4550,109
09/12/2020,4550,109
10/12/2020,4550,109
11/12/2020,4550,109
12/12/2020,4550,109
13/12/2020,4550,109
14/12/2020,4550,109
15/12/2020,4550,109
16/12/2020,4550,109
17/12/2020,4550,109
18/12/2020,4550,109
19/12/2020,4550,109
20/12/2020,4550,109
21/12/2020,4550,109
22/12/2020,4550,109
23/12/2020,4550,109
24/12/2020,4550,109
25/12/2020,4550,109
26/12/2020,4550,109
27/12/2020,4550,109
28/12/2020,4550,109
29/12/2020,4550,109
30/12/2020,4550,109
31/12/2020,4550,109
01/01/2021,4550,109
02/01/2021,4550,109
03/01/2021,4550,109
04/01/2021,4550,109
05/01/2021,4550,109
06/01/2021,4550,109
07/01/2021,4550,109
08/01/2021,4550,109
09/01/2021,4550,109
10/01/2021,4550,109
11/01/2021,4550,109
12/01/2021,4550,109
13/01/2021,4550,109
14/01/2021,4550,109
15/01/2021,4550,109
16/01/2021,4550,109
17/01/2021,4550,109
18/01/2021,4550,109
19/01/2021,4550,109
20/01/2021,4550,109
21/01/2021,4550,109
22/01/2021,4550,109
23/01/2021,4550,109
24/01/2021,4550,109
25/01/2021,4550,109
26/01/2021,4550,109
27/01/2021,4550,109
28/01/2021,4550,109
29/01/2021,4550,109
30/01/2021,4550,109
31/01/2021,4550,109
01/02/2021,4550,109
02/02/2021,4550,109
03/02/2021,4550,109
04/02/2021,4550,109
05/02/2021,4550,109
06/02/2021,4550,109
07/02/2021,4550,109
08/02/2021,4550,109
09/02/2021,4550,109
10/02/2021,4550,109
11/02/2021,4550,109
12/02/2021,4550,109
13/02/2021,4550,109
14/02/2021,4550,109
15/02/2021,4550,109
16/02/2021,4550,109
17/02/2021,4550,109
18/02/2021,4550,109
19/02/2021,4550,109
20/02/2021,4550,109
21/02/2021,4550,109
22/02/2021,4550,109
23/02/2021,4500,108
24/02/2021,4500,108
25/02/2021,4500,108
26/02/2021,4500,108
27/02/2021,4500,108
28/02/2021,4500,108
01/03/2021,4500,108
02/03/2021,4500,108
03/03/2021,4500,108
04/03/2021,4500,108
05/03/2021,4500,108
06/03/2021,4500,108
07/03/2021,4500,108
08/03/2021,4500,108
09/03/2021,4500,108
10/03/2021,4500,108
11/03/2021,4500,108
12/03/2021,4500,108
13/03/2021,4500,108
14/03/2021,4500,108
15/03/2021,4500,108
16/03/2021,4500,108
17/03/2021,4500,108
18/03/2021,4500,108
19/03/2021,4500,108
20/03/2021,4500,108
21/03/2021,4500,108
22/03/2021,4500,108
23/03/2021,4500,108
24/03/2021,4500,108
25/03/2021,4500,108
26/03/2021,4500,108
27/03/2021,4500,108
28/03/2021,4500,108
29/03/2021,4500,108
30/03/2021,4500,108
31/03/2021,4500,108
01/04/2021,4500,108
02/04/2021,4500,108
03/04/2021,4500,108
04/04/2021,4500,108
05/04/2021,4500,108
06/04/2021,4500,108
07/04/2021,4500,108
08/04/2021,4500,108
09/04/2021,4500,108
10/04/2021,4500,108
11/04/2021,4500,108
12/04/2021,4500,108
13/04/2021,4500,108
14/04/2021,4500,108
15/04/2021,4500,108
16/04/2021,4500,108
17/04/2021,4500,108
18/04/2021,4500,108
19/04/2021,4500,108
20/04/2021,4500,108
21/04/2021,4500,108
22/04/2021,4500,108
23/04/2021,4500,108
24/04/2021,4500,108
25/04/2021,4500,108
26/04/2021,4500,108
27/04/2021,4500,108
28/04/2021,4500,108
29/04/2021,4500,108
30/04/2021,4500,108
01/05/2021,4500,108
02/05/2021,4500,108
03/05/2021,4500,108
04/05/2021,4500,108
05/05/2021,4500,108
06/05/2021,4500,108
07/05/2021,4500,108
08/05/2021,4500,108
09/05/2021,4500,108
10/05/2021,4500,108
11/05/2021,4500,108
12/05/2021,4500,108
13/05/2021,4500,108
14/05/2021,4500,108
15/05/2021,4500,108
16/05/2021,4500,108
17/05/2021,4500,108
18/05/2021,4500,108
19/05/2021,4500,108
20/05/2021,4500,108
21/05/2021,4500,108
22/05/2021,4500,108
23/05/2021,4500,108
24/05/2021,4500,108
25/05/2021,4500,108
26/05/2021,4500,108
27/05/2021,4500,108
28/05/2021,4500,108
29/05/2021,4500,108
30/05/2021,4500,108
31/05/2021,4500,108
01/06/2021,4500,108
02/06/2021,4500,108
03/06/2021,4500,108
04/06/2021,4500,108
05/06/2021,4500,108
06/06/2021,4500,108
07/06/2021,4500,108
08/06/2021,4500,108
09/06/2021,4500,108
10/06/2021,4500,108
11/06/2021,4500,108
12/06/2021,4500,108
13/06/2021,4500,108
14/06/2021,4500,108
15/06/2021,4500,108
16/06/2021,4500,108
17/06/2021,4500,108
18/06/2021,4500,108
19/06/2021,4500,108
20/06/2021,4500,108
21/06/2021,4500,108
22/06/2021,4500,108
23/06/2021,4500,108
24/06/2021,4500,108
25/06/2021,4500,108
26/06/2021,4500,108
27/06/2021,4500,108
28/06/2021,4500,108
29/06/2021,4500,108
30/06/2021,4500,108
01/07/2021,4500,108
02/07/2021,4500,108
03/07/2021,4500,108
04/07/2021,4500,108
05/07/2021,4500,108
06/07/2021,4500,108
07/07/2021,4500,108
08/07/2021,4500,108
09/07/2021,4500,108
10/07/2021,4500,108
11/07/2021,4500,108
12/07/2021,4500,108
13/07/2021,4500,108
14/07/2021,4500,108
15/07/2021,4500,108
16/07/2021,4500,108
17/07/2021,4500,108
18/07/2021,4550,109
19/07/2021,4550,109
20/07/2021,4550,109
21/07/2021,4550,109
22/07/2021,4550,109
23/07/2021,4550,109
24/07/2021,4550,109
25/07/2021,4550,109
26/07/2021,4550,109
27/07/2021,4550,109
28/07/2021,4550,109
29/07/2021,4550,109
30/07/2021,4550,109
31/07/2021,4550,109
01/08/2021,4550,109
02/08/2021,4550,109
03/08/2021,4550,109
04/08/2021,4550,109
05/08/2021,4550,109
06/08/2021,4550,109
07/08/2021,4550,109
08/08/2021,4550,109
09/08/2021,4550,109
10/08/2021,4550,109
11/08/2021,4550,109
12/08/2021,4550,109
13/08/2021,4550,109
14/08/2021,4550,109
15/08/2021,4550,109
16/08/2021,4550,109
17/08/2021,4550,109
18/08/2021,4550,109
19/08/2021,4550,109
20/08/2021,4550,109
21/08/2021,4550,109
22/08/2021,4550,109
23/08/2021,4550,109
24/08/2021,4550,109
25/08/2021,4550,109
26/08/2021,4550,109
27/08/2021,4550,109
28/08/2021,4550,109
29/08/2021,4550,109
30/08/2021,4550,109
31/08/2021,4650,110
01/09/2021,4650,110
02/09/2021,4650,110
03/09/2021,4650,110
04/09/2021,4650,110
05/09/2021,4750,110
06/09/2021,4750,110
07/09/2021,4750,110
08/09/2021,4750,110
09/09/2021,4750,110
10/09/2021,4750,110
11/09/2021,4750,110
12/09/2021,4750,110
13/09/2021,4800,110
14/09/2021,4800,110
15/09/2021,4800,110
16/09/2021,4800,110
17/09/2021,4800,110
18/09/2021,4800,110
19/09/2021,4800,110
20/09/2021,4870,110.17
21/09/2021,4870,110.2
22/09/2021,4870,110.28
23/09/2021,4870,110.39
24/09/2021,4870,110.38
25/09/2021,4870,110.38
26/09/2021,4870,110.38
27/09/2021,4850,110.38
28/09/2021,4900,110.4
29/09/2021,4900,110.45
30/09/2021,4900,110.46
01/10/2021,4900,110.49
02/10/2021,4900,110.49
03/10/2021,4900,110.49
04/10/2021,4900,110.51
05/10/2021,4950,110.55
06/10/2021,5150,110.62
07/10/2021,5150,110.69
08/10/2021,5050,110.72
09/10/2021,5050,110.72
10/10/2021,5050,110.72
11/10/2021,5050,110.72
12/10/2021,5050,110.74
13/10/2021,5050,110.77
14/10/2021,5050,110.81
15/10/2021,5050,110.87
16/10/2021,5050,110.87
17/10/2021,5050,110.87
18/10/2021,5150,110.89
19/10/2021,5150,110.91
20/10/2021,5150,110.91
21/10/2021,5150,111.02
22/10/2021,5150,111.06
23/10/2021,5150,111.06
24/10/2021,5150,111.06
25/10/2021,5150,111.08
26/10/2021,5150,111.13
27/10/2021,5150,111.15
28/10/2021,5150,111.15
29/10/2021,5150,111.21
30/10/2021,5150,111.21
31/10/2021,5150,111.21
01/11/2021,5150,111.24
02/11/2021,5150,111.29
03/11/2021,5650,111.36
04/11/2021,5750,111.43
05/11/2021,5750,111.55
06/11/2021,5750,111.55
07/11/2021,5750,111.55
08/11/2021,6150,111.59
09/11/2021,6150,111.65
10/11/2021,6150,111.7
11/11/2021,6150,111.77
12/11/2021,6150,111.81
13/11/2021,6150,111.81
14/11/2021,6150,111.81
15/11/2021,6050,111.91
16/11/2021,6050,111.97
17/11/2021,6050,112.01
18/11/2021,6050,112.1
19/11/2021,6050,112.18
20/11/2021,6050,112.18
21/11/2021,6050,112.18
22/11/2021,6050,112.25
23/11/2021,6050,112.29
24/11/2021,6050,112.35
25/11/2021,6050,112.36
26/11/2021,6050,112.39
27/11/2021,6050,112.39
28/11/2021,6050,112.39
29/11/2021,6050,112.44
30/11/2021,6050,112.49
01/12/2021,6050,112.52
02/12/2021,6050,112.56
03/12/2021,6050,112.62
04/12/2021,6050,112.62
05/12/2021,6050,112.62
06/12/2021,6050,112.67
07/12/2021,6050,112.71
08/12/2021,6050,112.81
09/12/2021,6050,112.86
10/12/2021,6050,112.89
11/12/2021,6050,112.89
12/12/2021,6050,112.89
13/12/2021,6050,112.89
14/12/2021,6050,112.91
15/12/2021,6050,112.92
16/12/2021,6050,112.96
17/12/2021,6050,113
18/12/2021,6050,113
19/12/2021,6050,113
20/12/2021,6050,113.03
21/12/2021,6050,113.04
22/12/2021,6050,113.05
23/12/2021,6050,113.06
24/12/2021,6050,113.08
25/12/2021,6050,113.08
26/12/2021,6050,113.08
27/12/2021,6050,113.08
28/12/2021,6050,113.1
29/12/2021,6050,113.11
30/12/2021,6050,113.13
31/12/2021,6050,113.14
01/01/2022,6050,113.14
02/01/2022,6050,113.14
03/01/2022,6050,113.14
04/01/2022,6050,113.16
05/01/2022,6050,113.17
06/01/2022,6050,113.18
07/01/2022,6050,113.22
08/01/2022,6050,113.22
09/01/2022,6050,113.22
10/01/2022,6050,113.24
11/01/2022,6050,113.28
12/01/2022,6050,113.31
13/01/2022,6050,113.33
14/01/2022,5550,113.37
15/01/2022,5550,113.37
16/01/2022,5550,113.37
17/01/2022,5550,113.4
18/01/2022,5550,113.41
19/01/2022,5550,113.47
20/01/2022,5550,113.5
21/01/2022,5550,113.52
22/01/2022,5550,113.52
23/01/2022,5550,113.52
24/01/2022,5550,113.53
25/01/2022,5550,113.54
26/01/2022,5550,113.55
27/01/2022,5550,113.55
28/01/2022,5550,113.57
29/01/2022,5550,113.57
30/01/2022,5550,113.57
31/01/2022,5550,113.57
01/02/2022,5800,113.58
02/02/2022,5800,113.58
03/02/2022,5850,113.59
04/02/2022,5880,113.6
05/02/2022,5880,113.6
06/02/2022,5880,113.6
07/02/2022,5880,113.61
08/02/2022,5950,113.62
09/02/2022,5950,113.63
10/02/2022,5950,113.63
11/02/2022,5950,113.63
12/02/2022,5950,113.63
13/02/2022,5950,113.63
14/02/2022,5950,133.63
15/02/2022,5950,113.63
16/02/2022,5950,113.64
17/02/2022,5950,113.64
18/02/2022,5950,113.67
19/02/2022,5950,113.67
20/02/2022,5950,113.67
21/02/2022,5950,113.69
22/02/2022,5950,113.69
23/02/2022,5950,113.74
24/02/2022,5950,113.8
25/02/2022,5950,113.82
26/02/2022,5950,113.82
27/02/2022,5950,113.82
28/02/2022,5950,113.84
01/03/2022,5950,113.82
02/03/2022,5950,113.85
03/03/2022,5950,113.89
04/03/2022,5950,113.91
05/03/2022,5950,113.91
06/03/2022,5950,113.91
07/03/2022,5950,113.95
08/03/2022,5950,114.01
09/03/2022,5950,114.07
10/03/2022,5950,114.14
11/03/2022,5950,114.18
12/03/2022,5950,114.18
13/03/2022,5950,114.18
14/03/2022,5950,114.19
15/03/2022,5950,114.23
16/03/2022,5950,114.23
17/03/2022,5950,114.31
18/03/2022,5950,114.38
19/03/2022,5950,114.38
20/03/2022,5950,114.38
21/03/2022,5950,114.4
22/03/2022,5950,114.43
23/03/2022,5950,114.5
24/03/2022,5950,114.6
25/03/2022,5950,114.69
26/03/2022,5950,114.69
27/03/2022,5950,114.69
28/03/2022,5950,114.75
29/03/2022,5950,114.83
30/03/2022,5950,114.87
31/03/2022,5950,114.95
01/04/2022,5400,114.99
02/04/2022,5350,114.99
03/04/2022,5350,114.99
04/04/2022,5350,115.04
05/04/2022,5350,115.09
06/04/2022,5350,115.12
07/04/2022,5350,115.19
08/04/2022,5350,115.29
09/04/2022,5350,115.29
10/04/2022,5350,115.29
11/04/2022,5350,115.33
12/04/2022,5350,115.38
13/04/2022,5350,115.41
14/04/2022,5350,115.44
15/04/2022,5350,115.44
16/04/2022,5350,115.44
17/04/2022,5350,115.44
18/04/2022,5350,115.44
19/04/2022,5100,115.48
20/04/2022,5350,115.51
21/04/2022,5250,115.54
22/04/2022,5250,115.6
23/04/2022,5250,115.6
24/04/2022,5250,115.6
25/04/2022,5250,115.65
26/04/2022,5250,115.7
27/04/2022,5250,115.74
28/04/2022,5250,115.77
29/04/2022,5250,115.77
30/04/2022,5250,115.77
01/05/2022,5250,115.77
02/05/2022,5250,115.77
03/05/2022,5250,115.77
04/05/2022,5250,115.81
05/05/2022,5250,115.84
06/05/2022,5250,115.9
07/05/2022,5250,115.9
08/05/2022,5250,115.9
09/05/2022,5250,115.95
10/05/2022,5500,115.99
11/05/2022,5500,116.07
12/05/2022,5500,116.1
13/05/2022,5500,116.12
14/05/2022,5500,116.12
15/05/2022,5500,116.12
16/05/2022,5500,116.17
17/05/2022,5480,116.24
18/05/2022,5480,116.32
19/05/2022,5480,116.37
20/05/2022,5480,116.41
21/05/2022,5480,116.41
22/05/2022,5480,116.41
23/05/2022,5480,116.47
24/05/2022,5480,116.51
25/05/2022,5470,116.58
26/05/2022,5470,116.62
27/05/2022,5470,116.69
28/05/2022,5470,116.69
29/05/2022,5470,116.69
30/05/2022,5470,116.71
31/05/2022,5470,116.74
01/06/2022,5470,116.74
02/06/2022,5400,116.81
03/06/2022,5400,116.83
04/06/2022,5400,116.83
05/06/2022,5400,116.83
06/06/2022,5400,116.85
07/06/2022,5400,116.9
08/06/2022,5400,116.95
09/06/2022,5400,117
10/06/2022,5400,117.05
11/06/2022,5400,117.05
12/06/2022,5400,117.05
13/06/2022,5400,117.1
14/06/2022,5400,117.17
15/06/2022,5400,117.24
16/06/2022,5400,117.29
17/06/2022,5400,117.33
18/06/2022,5400,117.33
19/06/2022,5400,117.33
20/06/2022,5400,117.4
21/06/2022,5400,117.44
22/06/2022,5400,117.51
23/06/2022,5400,117.57
24/06/2022,5400,117.66
25/06/2022,5400,117.66
26/06/2022,5400,117.66
27/06/2022,5400,117.69
28/06/2022,5400,117.03
29/06/2022,5250,117.79
30/06/2022,5250,117.83
01/07/2022,5250,117.87
02/07/2022,5250,117.89
03/07/2022,5250,117.97
04/07/2022,5250,117.9
05/07/2022,5250,117.95
06/07/2022,5250,117.99
07/07/2022,5250,118.03
08/07/2022,5250,118.07
09/07/2022,5250,118.07
10/07/2022,5250,118.07
11/07/2022,5250,118.07
12/07/2022,5250,118.13
13/07/2022,5250,118.18
14/07/2022,5250,118.23
15/07/2022,5250,118.27
16/07/2022,5250,118.27
17/07/2022,5250,118.27
18/07/2022,5250,118.33
19/07/2022,5250,118.39
20/07/2022,5250,118.45
21/07/2022,5250,118.52
22/07/2022,5250,118.57
23/07/2022,5250,118.57
24/07/2022,5250,118.57
25/07/2022,5250,118.62
26/07/2022,5250,118.72
27/07/2022,5250,118.72
28/07/2022,5250,118.76
29/07/2022,5250,118.8
30/07/2022,5250,118.8
31/07/2022,5250,118.8
01/08/2022,5250,118.85
02/08/2022,5250,118.91
03/08/2022,5700,118.99
04/08/2022,5750,119.03
05/08/2022,5700,119.09
06/08/2022,5700,119.09
07/08/2022,5700,119.09
08/08/2022,5700,119.13
09/08/2022,5700,119.13
10/08/2022,5700,119.17
11/08/2022,5700,119.24
12/08/2022,5700,119.31
13/08/2022,5700,119.31
14/08/2022,5700,119.31
15/08/2022,5700,119.36
16/08/2022,5700,119.41
17/08/2022,5700,119.45
18/08/2022,5700,119.47
19/08/2022,5700,119.57
20/08/2022,5700,119.57
21/08/2022,5700,119.57
22/08/2022,5700,119.62
23/08/2022,5700,119.72
24/08/2022,5700,119.8
25/08/2022,5700,119.85
26/08/2022,5700,119.91
27/08/2022,5700,119.91
28/08/2022,5700,119.91
29/08/2022,5700,119.93
30/08/2022,5700,119.98
31/08/2022,5700,120.01
01/09/2022,5700,120.05
02/09/2022,5700,120.12
03/09/2022,5700,120.12
04/09/2022,5700,120.12
05/09/2022,5700,120.18
06/09/2022,5700,120.26
07/09/2022,5700,120.26
08/09/2022,5700,120.28
09/09/2022,5700,120.31
10/09/2022,5700,120.31
11/09/2022,5700,120.31
12/09/2022,5700,120.34
13/09/2022,5700,120.34
14/09/2022,5700,120.37
15/09/2022,5700,120.41
16/09/2022,5700,120.41
17/09/2022,5700,120.41
18/09/2022,5700,120.41
19/09/2022,5700,120.43
20/09/2022,5700,120.46
21/09/2022,6950,120.5
22/09/2022,6950,120.54
23/09/2022,7050,120.56
24/09/2022,7050,120.56
25/09/2022,7050,120.56
26/09/2022,7050,120.6
27/09/2022,7050,120.62
28/09/2022,7050,120.67
29/09/2022,7050,120.69
30/09/2022,7000,120.73
01/10/2022,7000,120.73
02/10/2022,7000,120.73
03/10/2022,7000,120.78
04/10/2022,7000,120.79
05/10/2022,7000,120.81
06/10/2022,7000,120.82
07/10/2022,7000,120.85
08/10/2022,7000,120.85
09/10/2022,7000,120.85
10/10/2022,7000,120.85
11/10/2022,7000,120.86
12/10/2022,7000,120.91
13/10/2022,7000,120.94
14/10/2022,7000,120.97
15/10/2022,7000,120.97
16/10/2022,7000,120.97
17/10/2022,7000,121.03
18/10/2022,7000,124.07
19/10/2022,7000,121.11
20/10/2022,7000,121.11
21/10/2022,7000,121.14
22/10/2022,7000,121.14
23/10/2022,7000,121.14
24/10/2022,7000,121.16
25/10/2022,7000,121.19
26/10/2022,7000,121.23
27/10/2022,7000,121.27
28/10/2022,7000,121.31
29/10/2022,7000,121.31
30/10/2022,7000,121.31
31/10/2022,7000,121.33
01/11/2022,7000,121.38
02/11/2022,7000,121.41
03/11/2022,7000,121.45
04/11/2022,7000,121.5
05/11/2022,7000,121.5
06/11/2022,7000,121.5
07/11/2022,7000,121.54
08/11/2022,7000,121.61
09/11/2022,7000,121.7
10/11/2022,7000,121.74
11/11/2022,7000,121.8
12/11/2022,7000,121.8
13/11/2022,7000,121.8
14/11/2022,7000,121.83
15/11/2022,7000,121.9
16/11/2022,7000,121.9
17/11/2022,7000,122
18/11/2022,7000,122
19/11/2022,7000,122
20/11/2022,7000,122
21/11/2022,7000,122.1
22/11/2022,6500,122.1
23/11/2022,6500,122.1
24/11/2022,6550,122.3
25/11/2022,6650,122.3
26/11/2022,6650,122.3
27/11/2022,6750,122.3
28/11/2022,6750,122.34
29/11/2022,6750,122.4
30/11/2022,6750,122.45
01/12/2022,6750,122.5
02/12/2022,6750,122.53
03/12/2022,6750,122.53
04/12/2022,6750,122.53
05/12/2022,6750,122.6
06/12/2022,6750,122.6
07/12/2022,6750,122.7
08/12/2022,6750,122.73
09/12/2022,6750,122.8
10/12/2022,6750,122.8
11/12/2022,6750,122.8
12/12/2022,6750,122.8
13/12/2022,6750,122.8
14/12/2022,6750,122.9
15/12/2022,6750,122.94
16/12/2022,6750,123
17/12/2022,6750,123
18/12/2022,6750,123
19/12/2022,6750,123.05
20/12/2022,6750,123.05
21/12/2022,6750,123.14
22/12/2022,6750,123.16
23/12/2022,6750,123.2
24/12/2022,6750,123.2
25/12/2022,6750,123.2
26/12/2022,6750,123.2
27/12/2022,6750,123.2
28/12/2022,6750,123.26
29/12/2022,6750,123.33
30/12/2022,6750,123.37
31/12/2022,6750,123.37
01/01/2023,6630,123.37
02/01/2023,6630,123.37
03/01/2023,6630,123.4
04/01/2023,6630,123.44
05/01/2023,6630,123.5
06/01/2023,6630,123.55
07/01/2023,6630,123.55
08/01/2023,6630,123.55
09/01/2023,6350,123.55
10/01/2023,6350,123.65
11/01/2023,6250,123.72
12/01/2023,6250,123.78
13/01/2023,6250,123.84
14/01/2023,6250,123.84
15/01/2023,6250,123.84
16/01/2023,6250,123.9
17/01/2023,5900,124
18/01/2023,5900,124
19/01/2023,5900,124.05
20/01/2023,5900,124.1
21/01/2023,5900,124.1
22/01/2023,6000,124.1
23/01/2023,6000,124.25
24/01/2023,6000,124.2
25/01/2023,6100,124.1
26/01/2023,6100,124.3
27/01/2023,5900,124.4
28/01/2023,5900,124.46
29/01/2023,5900,124.46
30/01/2023,5700,124.49
31/01/2023,5700,124.45
01/02/2023,5500,124.5
02/02/2023,5500,124.52
03/02/2023,5500,124.6
04/02/2023,5500,124.6
05/02/2023,5500,124.6
06/02/2023,5350,124.72
07/02/2023,5350,124.8
08/02/2023,5350,124.8
09/02/2023,5350,124.88
10/02/2023,5350,125.08
11/02/2023,5350,125.08
12/02/2023,5350,125.08
13/02/2023,5500,125.19
14/02/2023,5600,125.27
15/02/2023,5600,125.38
16/02/2023,5600,125.52
17/02/2023,5600,125.63
18/02/2023,5600,125.63
19/02/2023,5400,125.63
20/02/2023,5400,125.77
21/02/2023,5400,125.94
22/02/2023,5400,126.08
23/02/2023,5400,126.27
24/02/2023,5400,126.43
25/02/2023,5400,126.43
26/02/2023,5400,126.43
27/02/2023,5700,126.61
28/02/2023,6100,126.85
01/03/2023,6700,127.08
02/03/2023,6700,127.29
03/03/2023,7000,127.54
04/03/2023,7000,127.54
05/03/2023,7000,127.54
06/03/2023,6700,127.76
07/03/2023,6500,128.11
08/03/2023,6500,128.36
09/03/2023,6400,128.59
10/03/2023,6400,128.89
11/03/2023,6400,128.89
12/03/2023,6400,128.89
13/03/2023,6700,129.24
14/03/2023,6700,129.45
15/03/2023,6700,129.59
16/03/2023,6600,129.76
17/03/2023,6600,129.88
18/03/2023,6600,129.88
19/03/2023,6600,129.88
20/03/2023,6600,130.01
21/03/2023,6600,130.32
22/03/2023,6850,130.62
23/03/2023,6850,130.99
24/03/2023,6850,131.27
25/03/2023,6850,131.27
26/03/2023,6850,131.27
27/03/2023,6850,131.4
28/03/2023,6850,131.53
29/03/2023,6900,131.78
30/03/2023,6900,132.13
31/03/2023,6900,132.33
01/04/2023,6900,132.33
02/04/2023,6900,132.33
03/04/2023,6800,132.52
04/04/2023,6800,132.67
05/04/2023,6800,132.94
06/04/2023,6800,133.3
07/04/2023,6800,133.3
08/04/2023,6800,133.3
09/04/2023,6800,133.3
10/04/2023,6800,133.3
11/04/2023,6800,133.59
12/04/2023,6800,133.72
13/04/2023,6800,133.95
14/04/2023,6800,134.35
15/04/2023,6800,134.35
16/04/2023,6800,134.35
17/04/2023,6800,134.57
18/04/2023,6700,134.74
19/04/2023,6700,134.97
20/04/2023,6700,135.19
21/04/2023,6700,135.19
22/04/2023,6700,135.19
23/04/2023,6700,135.19
24/04/2023,6900,135.31
25/04/2023,6900,135.48
26/04/2023,6900,135.66
27/04/2023,6900,135.83
28/04/2023,6900,135.91
29/04/2023,6900,135.91
30/04/2023,6900,135.91
01/05/2023,6900,135.91
02/05/2023,6950,136.02
03/05/2023,6950,136.15
04/05/2023,6950,136.36
05/05/2023,6950,136.4
06/05/2023,6950,136.4
07/05/2023,6950,136.4
08/05/2023,7300,136.47
09/05/2023,7500,136.58
10/05/2023,7500,136.68
11/05/2023,8000,136.79
12/05/2023,9000,136.88
13/05/2023,9000,136.88
14/05/2023,9000,136.88
15/05/2023,8700,136.98
16/05/2023,8700,137.1
17/05/2023,8700,137.23
18/05/2023,8700,137.37
19/05/2023,8700,137.37
20/05/2023,8700,137.37
21/05/2023,8700,137.37
22/05/2023,8700,137.62
23/05/2023,8700,137.76
24/05/2023,8700,137.96
25/05/2023,8500,138.13
26/05/2023,8500,138.25
27/05/2023,8500,138.25
28/05/2023,8500,138.25
29/05/2023,8250,138.33
30/05/2023,8200,138.42
31/05/2023,8200,138.49
01/06/2023,8200,138.49
02/06/2023,8100,138.61
03/06/2023,8100,138.61
04/06/2023,8100,138.61
05/06/2023,8200,138.76
06/06/2023,8100,138.87
07/06/2023,8100,138.97
08/06/2023,8100,139.1
09/06/2023,8100,139.22
10/06/2023,8100,139.22
11/06/2023,8100,139.22
12/06/2023,8100,139.35
13/06/2023,8200,139.48
14/06/2023,8300,139.63
15/06/2023,8300,139.71
16/06/2023,8400,139.87
17/06/2023,8350,139.87
18/06/2023,8350,139.87
19/06/2023,8300,140.04
20/06/2023,8300,140.12
21/06/2023,8300,140.2
22/06/2023,8300,140.31
23/06/2023,8200,140.4
24/06/2023,8200,140.4
25/06/2023,8200,140.4
26/06/2023,8200,140.44
27/06/2023,8400,140.44
28/06/2023,8400,140.44
29/06/2023,8400,140.45
30/06/2023,8700,140.52
01/07/2023,8700,140.52
02/07/2023,8700,140.52
03/07/2023,9200,140.57
04/07/2023,9400,140.67
05/07/2023,9400,140.72
06/07/2023,9350,140.78
07/07/2023,9350,140.92
08/07/2023,9350,140.92
09/07/2023,9350,140.92
10/07/2023,9500,140.99
11/07/2023,9500,141.06
12/07/2023,9500,141.21
13/07/2023,9500,141.29
14/07/2023,9500,141.38
15/07/2023,9500,141.38
16/07/2023,9500,141.38
17/07/2023,9750,141.44
18/07/2023,9750,141.5
19/07/2023,10000,141.59
20/07/2023,10000,141.7
21/07/2023,10000,141.77
22/07/2023,10100,141.77
23/07/2023,10100,141.84
24/07/2023,10150,141.84
25/07/2023,10050,142
26/07/2023,9950,142.12
27/07/2023,9950,142.2
28/07/2023,9950,142.3
29/07/2023,9950,142.3
30/07/2023,9950,142.3
31/07/2023,9550,142.36
01/08/2023,9550,142.53
02/08/2023,9500,142.64
03/08/2023,9500,142.78
04/08/2023,9500,142.88
05/08/2023,9500,142.88
06/08/2023,9500,142.88
07/08/2023,9500,142.99
08/08/2023,9500,143.12
09/08/2023,9500,143.27
10/08/2023,9400,143.44
11/08/2023,9400,143.58
12/08/2023,9400,143.58
13/08/2023,9300,143.58
14/08/2023,9300,143.6
15/08/2023,9300,143.76
16/08/2023,9300,143.91
17/08/2023,9300,144.04
18/08/2023,9300,144.18
19/08/2023,9300,144.18
20/08/2023,9300,144.18
21/08/2023,9300,144.32
22/08/2023,9300,144.41
23/08/2023,9100,144.55
24/08/2023,9300,144.72
25/08/2023,9500,144.87
26/08/2023,9500,147.87
27/08/2023,9500,147.87
28/08/2023,9300,144.99
29/08/2023,9300,145.15
30/08/2023,9300,145.26
31/08/2023,9200,145.41
01/09/2023,9200,145.5
02/09/2023,9200,145.5
03/09/2023,9200,145.5
04/09/2023,9200,145.63
05/09/2023,9200,145.76
06/09/2023,9150,145.91
07/09/2023,9150,146.04
08/09/2023,9100,146.13
09/09/2023,9100,146.13
10/09/2023,9100,146.13
11/09/2023,9200,146.22
12/09/2023,9200,146.36
13/09/2023,9200,146.49
14/09/2023,9200,146.66
15/09/2023,9100,146.79
16/09/2023,9100,146.79
17/09/2023,9100,146.79
18/09/2023,9200,146.9
19/09/2023,9200,147
20/09/2023,9200,147.14
21/09/2023,9200,147.26
22/09/2023,9200,147.36
23/09/2023,9200,147.36
24/09/2023,9200,147.36
25/09/2023,9100,147.47
26/09/2023,9100,147.64
27/09/2023,9100,147.81
28/09/2023,9000,147.94
29/09/2023,9000,148.1
30/09/2023,9000,148.1
01/10/2023,9000,148.1
02/10/2023,9000,148.2
03/10/2023,9000,148.32
04/10/2023,9000,148.45
05/10/2023,9000,148.56
06/10/2023,9000,148.68
07/10/2023,9000,148.68
08/10/2023,9000,148.68
09/10/2023,9000,148.79
10/10/2023,9000,148.79
11/10/2023,9000,148.88
12/10/2023,9000,149
13/10/2023,9000,149.13
14/10/2023,9000,149.13
15/10/2023,9000,149.13
16/10/2023,8900,149.27
17/10/2023,8900,149.43
18/10/2023,8900,149.58
19/10/2023,8900,149.78
20/10/2023,8900,149.78
21/10/2023,8800,149.78
22/10/2023,8800,149.78
23/10/2023,8750,149.94
24/10/2023,8600,150.07
25/10/2023,8800,150.17
26/10/2023,8800,150.27
27/10/2023,8800,150.36
28/10/2023,8800,150.36
29/10/2023,8800,150.36
30/10/2023,8700,150.44
31/10/2023,8700,150.56
01/11/2023,8700,150.7
02/11/2023,8700,150.86
03/11/2023,8700,151.06
04/11/2023,8650,151.06
05/11/2023,8650,151.06
06/11/2023,8650,151.16
07/11/2023,8650,151.24
08/11/2023,8650,151.38
09/11/2023,8650,151.53
10/11/2023,8600,151.68
11/11/2023,8600,151.68
12/11/2023,8600,151.68
13/11/2023,8600,151.68
14/11/2023,8600,151.84
15/11/2023,8600,151.94
16/11/2023,8600,152.11
17/11/2023,8600,152.22
18/11/2023,8600,152.22
19/11/2023,8600,152.22
20/11/2023,8600,152.33
21/11/2023,8600,152.44
22/11/2023,8500,152.65
23/11/2023,8500,152.69
24/11/2023,8500,153.85
25/11/2023,8500,153.85
26/11/2023,8500,153.85
27/11/2023,8500,153.85
28/11/2023,8300,153.85
29/11/2023,8300,153.85
30/11/2023,8300,153.85
01/12/2023,8300,153.85
02/12/2023,8300,153.85
03/12/2023,8300,153.85
04/12/2023,8200,153.85
05/12/2023,8150,153.85
06/12/2023,8150,153.85
07/12/2023,8150,153.85
08/12/2023,8150,153.85
09/12/2023,8150,153.85
10/12/2023,8150,153.85
11/12/2023,8000,153.85
12/12/2023,8000,153.85
13/12/2023,8000,153.85
14/12/2023,7900,153.85
15/12/2023,7900,153.85
16/12/2023,7900,153.85
17/12/2023,7900,153.85
18/12/2023,7800,153.85
19/12/2023,7750,153.85
20/12/2023,7750,153.85
21/12/2023,7750,154.69
22/12/2023,7750,155.09
23/12/2023,7750,155.09
24/12/2023,7750,155.09
25/12/2023,7750,155.09
26/12/2023,7750,155.09
27/12/2023,7300,155.47
28/12/2023,7300,156.66
29/12/2023,7300,156.46
30/12/2023,7300,156.46
31/12/2023,7300,156.46
01/01/2024,7300,156.46
02/01/2024,7200,156.99
03/01/2024,7200,157.32
04/01/2024,7150,157.39
05/01/2024,7100,157.51
06/01/2024,7100,157.51
07/01/2024,7100,157.51
08/01/2024,7150,157.96
09/01/2024,7150,158.09
10/01/2024,7300,158.2
11/01/2024,7300,158.32
12/01/2024,7300,159.5
13/01/2024,7300,159.5
14/01/2024,7300,159.5
15/01/2024,7300,160.24
16/01/2024,7250,160.18
17/01/2024,7200,160.7
18/01/2024,7150,160.79
19/01/2024,7150,160.35
20/01/2024,7150,160.35
21/01/2024,7150,160.35
22/01/2024,7100,160.25
23/01/2024,7100,160.36
24/01/2024,7100,160.19
25/01/2024,7100,160.8
26/01/2024,7050,160.62
27/01/2024,7050,160.62
28/01/2024,7050,160.62
29/01/2024,7050,160.7
30/01/2024,7050,160.75
31/01/2024,6900,160.75
01/02/2024,6900,160.67
02/02/2024,6900,160.57
03/02/2024,6900,160.57
04/02/2024,6900,160.57
05/02/2024,6900,160.51
06/02/2024,6900,160.36
07/02/2024,6700,160.32
08/02/2024,6700,160.19
09/02/2024,6900,160.09
10/02/2024,6900,160.09
11/02/2024,6900,160.09
12/02/2024,6900,158.66
13/02/2024,6900,158.66
14/02/2024,7000,156.71
15/02/2024,7050,153.2
16/02/2024,7050,145.86
17/02/2024,7050,145.86
18/02/2024,7050,145.86
19/02/2024,6900,142.92
20/02/2024,6800,142.81
21/02/2024,6700,142.78
22/02/2024,6600,142.78
23/02/2024,6600,144
24/02/2024,6600,144
25/02/2024,6600,144
26/02/2024,6500,143.85
27/02/2024,6400,144.16
28/02/2024,6400,143.62
29/02/2024,6300,143.59
01/03/2024,6250,143.52
02/03/2024,6250,143.52
03/03/2024,6250,143.52
04/03/2024,6150,143.86
05/03/2024,6100,143.83
06/03/2024,6000,142.83
07/03/2024,6000,142.07
08/03/2024,6000,142.07
09/03/2024,6000,142.07
10/03/2024,6000,142.07
11/03/2024,6100,140.44
12/03/2024,6100,139.49
13/03/2024,6050,138.8
14/03/2024,6050,137.49
15/03/2024,6000,135.15
16/03/2024,6000,135.15
17/03/2024,6000,135.15
18/03/2024,5900,134.58
19/03/2024,5900,134
20/03/2024,5750,133.27
21/03/2024,5700,133.07
22/03/2024,5550,132.92
23/03/2024,5500,132.92
24/03/2024,5500,132.92
25/03/2024,5500,132.67
26/03/2024,5500,132.43
27/03/2024,5500,132.43
28/03/2024,5500,131.8
29/03/2024,5500,131.8
30/03/2024,5500,131.8
31/03/2024,5500,131.8
01/04/2024,5500,131.8
02/04/2024,5500,131.8
03/04/2024,5350,131.8
04/04/2024,5350,131.17
05/04/2024,5350,130.74
06/04/2024,5350,130.74
07/04/2024,5350,130.74
08/04/2024,5600,130.47
09/04/2024,5600,130.22
10/04/2024,5600,130.22
11/04/2024,5600,130.39
12/04/2024,5800,130.39
13/04/2024,5800,130.39
14/04/2024,5800,130.39
15/04/2024,5900,130.44
16/04/2024,6100,130.77
17/04/2024,6250,131.02
18/04/2024,6250,131.02
19/04/2024,6150,131.44
20/04/2024,6150,131.44
21/04/2024,6150,131.44
22/04/2024,6150,131.79
23/04/2024,6100,131.79
24/04/2024,6000,132.63
25/04/2024,6050,133.16
26/04/2024,6000,133.47
27/04/2024,6000,133.47
28/04/2024,6000,133.47
29/04/2024,6000,133.34
30/04/2024,6000,133.28
01/05/2024,6000,133.28
02/05/2024,6000,133.2
03/05/2024,6200,133.08
04/05/2024,6200,133.08
05/05/2024,6200,133.08
06/05/2024,6200,132.4
07/05/2024,6100,133.04
08/05/2024,6100,132.4
09/05/2024,5950,131.25
10/05/2024,5950,131.25
11/05/2024,5950,131.25
12/05/2024,5950,131.25
13/05/2024,5950,131.21
14/05/2024,6000,130.78
15/05/2024,6000,130.6
16/05/2024,6000,130.48
17/05/2024,6000,130.73
18/05/2024,6000,130.73
19/05/2024,6000,130.73
20/05/2024,5900,130.99
21/05/2024,5900,131.2
22/05/2024,5900,131.14
23/05/2024,5900,131.36
24/05/2024,5900,131.73
25/05/2024,5900,131.73
26/05/2024,5900,131.73
27/05/2024,5900,132.03
28/05/2024,5900,132.41
29/05/2024,5900,132.71
30/05/2024,5800,131.87
31/05/2024,5800,130.23
01/06/2024,5800,130.23
02/06/2024,5800,130.23
03/06/2024,5800,130.23
04/06/2024,5700,130.74
05/06/2024,5700,131.03
06/06/2024,5700,130.72
07/06/2024,5700,130.04
08/06/2024,5700,130.04
09/06/2024,5700,130.04
10/06/2024,5700,129.4
11/06/2024,5700,129.65
12/06/2024,5700,129.23
13/06/2024,5700,128.46
14/06/2024,5700,128.66
15/06/2024,5700,128.78
16/06/2024,5700,128.78
17/06/2024,5700,128.78
18/06/2024,5700,128.78
19/06/2024,5700,128.78
20/06/2024,5650,128.65
21/06/2024,5650,128.55
22/06/2024,5650,128.55
23/06/2024,5650,128.55
24/06/2024,5600,128.64
25/06/2024,5600,128.7
26/06/2024,5600,128.76
27/06/2024,5650,129.15
28/06/2024,5650,129.53
29/06/2024,5650,129.53
30/06/2024,5650,129.53
01/07/2024,5600,129.52
02/07/2024,5600,128.9
03/07/2024,5600,128.75
04/07/2024,5500,128.71
05/07/2024,5400,128.47
06/07/2024,5400,128.47
07/07/2024,5400,128.47
08/07/2024,5400,128.5
09/07/2024,5400,128.53
10/07/2024,5400,128.61
11/07/2024,5400,128.98
12/07/2024,5400,129.26
13/07/2024,5400,129.26
14/07/2024,5400,129.26
15/07/2024,5400,129.56
16/07/2024,5400,129.56
17/07/2024,5400,129.59
18/07/2024,5400,129.99
19/07/2024,5400,130.47
20/07/2024,5400,130.47
21/07/2024,5400,130.47
22/07/2024,5400,130.73
23/07/2024,5400,130.89
24/07/2024,5400,131.05
25/07/2024,5400,132.22
26/07/2024,5400,132.57
27/07/2024,5400,132.57
28/07/2024,5400,132.57
29/07/2024,5300,131.57
30/07/2024,5300,131.57
31/07/2024,5250,129.92
01/08/2024,5250,129.13
02/08/2024,5250,129.95
03/08/2024,5250,129.95
04/08/2024,5250,129.95
05/08/2024,5150,130.16
06/08/2024,5150,130.16
07/08/2024,5150,129.79
08/08/2024,5150,129.41
09/08/2024,5150,129.25
10/08/2024,5150,129.25
11/08/2024,5150,129.25
12/08/2024,5150,129.54
13/08/2024,5150,129.35
14/08/2024,5000,129.06
15/08/2024,5050,129.2
16/08/2024,5050,129.14
17/08/2024,5050,129.14
18/08/2024,5050,129.14
19/08/2024,5200,129.06
20/08/2024,5200,129.09
21/08/2024,5200,128.98
22/08/2024,5200,129.08
23/08/2024,5200,129.05
24/08/2024,5200,129.05
25/08/2024,5200,129.05
26/08/2024,5200,129.18
27/08/2024,5200,129.17
28/08/2024,5200,129.16
29/08/2024,5200,129.04
30/08/2024,5200,129.17
31/08/2024,5200,129.17
01/09/2024,5200,129.17
02/09/2024,5200,129.19
03/09/2024,5200,129.19
04/09/2024,5200,129.19
05/09/2024,5200,129.19
06/09/2024,5200,129.2
07/09/2024,5200,129.2
08/09/2024,5200,129.2
09/09/2024,5200,129.2
10/09/2024,5200,129.19
11/09/2024,5200,129.19
12/09/2024,5200,129.18
13/09/2024,5200,129.2
14/09/2024,5200,129.2
15/09/2024,5200,129.2
16/09/2024,5200,129.27
17/09/2024,5200,129.3
18/09/2024,5200,129.29
19/09/2024,5100,129.2
20/09/2024,5000,129.18
21/09/2024,5000,129.18
22/09/2024,5000,129.18
23/09/2024,5000,129.2
24/09/2024,5000,129.18
25/09/2024,5000,129.19
26/09/2024,5000,129.19
27/09/2024,5000,129.19
28/09/2024,5000,129.19
29/09/2024,5000,129.19
30/09/2024,5000,129.2
01/10/2024,5100,129.19
02/10/2024,5100,129.2
03/10/2024,5100,129.19
04/10/2024,5100,129.18
05/10/2024,5100,129.18
06/10/2024,5100,129.18
07/10/2024,5200,129.19
08/10/2024,5200,129.2
09/10/2024,5200,129.19
10/10/2024,5200,129.19
11/10/2024,5200,129.2
12/10/2024,5200,129.2
13/10/2024,5200,129.2
14/10/2024,5500,129.2
15/10/2024,5600,129.2
16/10/2024,5650,129.2
17/10/2024,5650,129.2
18/10/2024,5650,129.21
19/10/2024,5650,129.21
20/10/2024,5650,129.21
21/10/2024,5650,129.21
22/10/2024,5700,129.21
23/10/2024,5800,129.18
24/10/2024,5800,129.2
25/10/2024,6000,129.2
26/10/2024,6000,129.2
27/10/2024,6000,129.2
28/10/2024,6200,129.2
29/10/2024,6300,129.2
30/10/2024,6300,129.2
31/10/2024,6300,129.2
01/11/2024,6300,129.2
02/11/2024,6300,129.2
03/11/2024,6300,129.2
04/11/2024,6300,129.2
05/11/2024,6300,129.2
06/11/2024,6300,129.2
07/11/2024,6300,129.2
08/11/2024,6300,129.2
09/11/2024,6200,129.2
10/11/2024,6200,129.2
11/11/2024,6200,129.23
12/11/2024,6200,129.21
13/11/2024,6200,129.25
14/11/2024,6200,129.35
15/11/2024,5100,129.35
16/11/2024,6100,129.35
17/11/2024,6100,129.35
18/11/2024,6000,129.35
19/11/2024,6000,129.43
20/11/2024,6000,129.49
21/11/2024,6000,129.52
22/11/2024,6000,129.58
23/11/2024,6000,129.58
24/11/2024,6000,129.58
25/11/2024,6000,129.56
26/11/2024,6000,129.57
27/11/2024,6000,129.61
28/11/2024,6000,129.64
29/11/2024,6000,129.68
30/11/2024,6000,129.68
01/12/2024,6000,129.68
02/12/2024,6200,129.76
03/12/2024,6200,129.77
04/12/2024,6300,129.59
05/12/2024,6300,129.59
06/12/2024,6300,129.3
07/12/2024,6300,129.3
08/12/2024,6300,129.3
09/12/2024,6250,129.3
10/12/2024,6250,129.31
11/12/2024,6250,129.31
12/12/2024,6250,129.31
13/12/2024,6250,129.3
14/12/2024,6250,129.3
15/12/2024,6250,129.3
16/12/2024,6350,129.29
17/12/2024,6300,129.28
18/12/2024,6300,129.29
19/12/2024,6300,129.29
20/12/2024,6300,129.29
21/12/2024,6300,129.29
22/12/2024,6300,129.29
23/12/2024,6300,129.29
24/12/2024,6300,129.3
25/12/2024,6300,129.3
26/12/2024,6300,129.3
27/12/2024,6300,129.29
28/12/2024,6300,129.29
29/12/2024,6300,129.29
30/12/2024,6300,129.3
31/12/2024,6300,129.29
01/01/2025,6300,129.29
02/01/2025,6300,129.29
03/01/2025,6300,129.29
04/01/2025,6300,129.29
05/01/2025,6300,129.29
06/01/2025,6500,129.35
07/01/2025,6500,129.38
08/01/2025,6500,129.42
09/01/2025,6500,129.47
10/01/2025,6500,129.47
11/01/2025,6500,129.47
12/01/2025,6500,129.47
13/01/2025,6700,129.48
14/01/2025,6700,129.5
15/01/2025,6700,129.5
16/01/2025,6700,129.54
17/01/2025,6700,129.57
18/01/2025,6700,129.57
19/01/2025,6700,129.57
20/01/2025,6800,129.56
21/01/2025,6800,129.56
22/01/2025,6900,129.42
23/01/2025,6950,129.28
24/01/2025,6900,129.26
25/01/2025,6900,129.26
26/01/2025,6900,129.26
27/01/2025,6900,129.26
28/01/2025,6900,129.25
29/01/2025,6900,129.25
30/01/2025,6800,129.25
31/01/2025,6750,129.23
01/02/2025,6750,129.23
02/02/2025,6750,129.23
03/02/2025,6700,129.22
04/02/2025,6700,129.2
05/02/2025,6700,129.21
06/02/2025,6700,129.19
07/02/2025,6700,129.21
08/02/2025,6700,129.21
09/02/2025,6700,129.21
10/02/2025,6600,129.21
11/02/2025,6600,129.22
12/02/2025,6600,129.22
13/02/2025,6500,129.21
14/02/2025,6500,129.22
15/02/2025,6500,129.22
16/02/2025,6500,129.22
17/02/2025,6400,129.22
18/02/2025,6400,129.22
19/02/2025,6400,129.22
20/02/2025,6400,129.45
21/02/2025,6400,129.58
22/02/2025,6400,129.58
23/02/2025,6400,129.58
24/02/2025,6400,129.64
25/02/2025,6400,129.64
26/02/2025,6400,129.38
27/02/2025,6400,129.31
28/02/2025,6400,129.23
01/03/2025,6400,129.23
02/03/2025,6400,129.23
03/03/2025,6400,129.2
04/03/2025,6400,129.2
05/03/2025,6400,129.22
06/03/2025,6400,129.23
07/03/2025,6400,129.24
08/03/2025,6400,129.24
09/03/2025,6400,129.24
10/03/2025,6400,129.24
11/03/2025,6400,129.26
12/03/2025,6350,129.31
13/03/2025,6350,129.43
14/03/2025,6350,129.51
15/03/2025,6350,129.51
16/03/2025,6350,129.51
17/03/2025,6300,129.51
18/03/2025,6300,129.51
19/03/2025,6300,129.51
20/03/2025,6300,129.51
21/03/2025,6300,129.51
22/03/2025,6350,129.51
23/03/2025,6500,129.51
24/03/2025,6500,129.51
25/03/2025,6550,129.51
26/03/2025,6600,129.51
27/03/2025,6800,129.51
28/03/2025,6800,129.51
29/03/2025,6750,129.51
30/03/2025,6750,129.51
31/03/2025,6700,129.51
01/04/2025,6600,129.51
02/04/2025,6600,129.51
03/04/2025,6670,129.51
04/04/2025,6700,129.51
05/04/2025,6750,129.51
06/04/2025,6800,129.51
07/04/2025,6900,129.51
08/04/2025,7000,129.51
09/04/2025,6950,129.51
10/04/2025,6850,129.51
11/04/2025,6800,129.51
12/04/2025,6800,129.51
13/04/2025,6800,129.51
14/04/2025,6750,129.51
15/04/2025,6800,129.51
16/04/2025,6800,129.51
17/04/2025,6850,129.51
18/04/2025,6850,129.51
19/04/2025,6900,129.51
20/04/2025,6950,129.51
21/04/2025,6900,129.51
22/04/2025,6850,129.51
23/04/2025,6800,129.51
24/04/2025,6800,129.51
25/04/2025,6800,129.51
26/04/2025,6800,129.51
27/04/2025,6850,129.51
28/04/2025,6900,129.51
29/04/2025,6900,129.51
30/04/2025,7000,129.51
01/05/2025,7200,129.51
02/05/2025,7200,129.51
03/05/2025,7200,129.51
04/05/2025,7200,129.51
05/05/2025,7300,129.51
06/05/2025,7250,129.51
07/05/2025,7200,129.51
08/05/2025,7100,129.51
09/05/2025,7100,129.51
10/05/2025,7100,129.51
11/05/2025,7100,129.51
12/05/2025,7100,129.51
13/05/2025,7150,129.51
14/05/2025,7200,129.51
15/05/2025,7200,129.51
16/05/2025,7200,129.51
17/05/2025,7250,129.51
18/05/2025,7300,129.51
19/05/2025,7350,129.51
20/05/2025,7350,129.51
21/05/2025,7450,129.51
22/05/2025,7650,129.51
23/05/2025,7850,129.51
24/05/2025,7800,129.51
25/05/2025,7800,129.51
26/05/2025,7700,129.51
27/05/2025,7600,129.51
28/05/2025,7500,129.51
29/05/2025,7400,129.51
30/05/2025,7500,129.51
31/05/2025,7500,129.51
01/06/2025,7400,129.51
02/06/2025,7400,129.51
03/06/2025,7450,129.51
04/06/2025,7450,129.51
05/06/2025,7450,129.51
06/06/2025,7400,129.51
07/06/2025,7400,129.51
08/06/2025,7400,129.51
09/06/2025,7350,129.51
10/06/2025,7250,129.51
11/06/2025,7200,129.51
12/06/2025,7150,129.51
13/06/2025,7250,129.51
14/06/2025,7250,129.51
15/06/2025,7250,129.51
16/06/2025,7200,129.51
17/06/2025,7150,129.51
18/06/2025,7100,129.51
19/06/2025,7100,129.51
20/06/2025,7000,129.51
21/06/2025,7000,129.51
22/06/2025,7000,129.51
23/06/2025,6900,129.51
24/06/2025,6850,129.51
25/06/2025,6850,129.51
26/06/2025,6800,129.51
27/06/2025,6800,129.51
28/06/2025,6800,129.51
29/06/2025,6800,129.51
30/06/2025,6800,129.51
01/07/2025,6800,129.51
02/07/2025,6800,129.51
03/07/2025,6850,129.51
04/07/2025,6900,129.51
05/07/2025,6950,129.51
06/07/2025,6950,129.51
07/07/2025,6950,129.51
08/07/2025,6950,129.51
09/07/2025,6950,129.51
10/07/2025,7050,129.51
11/07/2025,7100,129.51
12/07/2025,7200,129.51
13/07/2025,7350,129.51
14/07/2025,7500,129.51
15/07/2025,7600,129.51
16/07/2025,7600,129.51
17/07/2025,7550,129.51
18/07/2025,7500,129.51
19/07/2025,7500,129.51
20/07/2025,7450,129.51
21/07/2025,7400,129.51
22/07/2025,7350,129.51
23/07/2025,7300,129.51
24/07/2025,7200,129.51
25/07/2025,7250,129.51
26/07/2025,7250,129.51
27/07/2025,7250,129.51
28/07/2025,7200,129.51
29/07/2025,7200,129.51
30/07/2025,7100,129.51
31/07/2025,7100,129.51
01/08/2025,7000,129.51
02/08/2025,7000,129.51
03/08/2025,7000,129.51
